Area Type ,Area Name ,Date,Year ,Month,Seasonally Adjusted (Y/N) ,Status (Preliminary / Final) ,Labor Force,Employment ,Unemployment ,Unemployment Rate 
County,Los Angeles County,03/01/2022,2022,March,N,Final,5073000,4824300,248600,0.049
County,Los Angeles County,03/01/2022,2022,March,Y,Final,5017800,4732900,284900,0.057
County,Los Angeles County,02/01/2022,2022,February,N,Final,5083300,4810400,272900,0.054
County,Los Angeles County,02/01/2022,2022,February,Y,Final,5006900,4692500,314400,0.063
County,Los Angeles County,01/01/2022,2022,January,N,Final,5041300,4732400,308900,0.061
County,Los Angeles County,01/01/2022,2022,January,Y,Final,5002800,4658900,343800,0.069
County,Los Angeles County,12/01/2021,2021,December,N,Final,4980200,4701400,278800,0.056
County,Los Angeles County,12/01/2021,2021,December,Y,Final,4965800,4627700,338200,0.068
County,Los Angeles County,11/01/2021,2021,November,N,Final,5027400,4717000,310400,0.062
County,Los Angeles County,11/01/2021,2021,November,Y,Final,4969900,4629300,340600,0.069
County,Los Angeles County,10/01/2021,2021,October,N,Final,5000600,4645500,355100,0.071
County,Los Angeles County,10/01/2021,2021,October,Y,Final,4995000,4631200,363900,0.073
County,Los Angeles County,09/01/2021,2021,September,N,Final,5014900,4632500,382400,0.076
County,Los Angeles County,09/01/2021,2021,September,Y,Final,4997600,4617000,380600,0.076
County,Los Angeles County,08/01/2021,2021,August,N,Final,4993400,4546500,446900,0.089
County,Los Angeles County,08/01/2021,2021,August,Y,Final,5030600,4602800,427800,0.085
County,Los Angeles County,07/01/2021,2021,July,N,Final,5047000,4563300,483600,0.096
County,Los Angeles County,07/01/2021,2021,July,Y,Final,5032700,4581100,451600,0.09
County,Los Angeles County,06/01/2021,2021,June,N,Final,4992500,4494000,498500,0.1
County,Los Angeles County,06/01/2021,2021,June,Y,Final,5051200,4559200,492000,0.097
County,Los Angeles County,05/01/2021,2021,May,N,Final,4997200,4522100,475100,0.095
County,Los Angeles County,05/01/2021,2021,May,Y,Final,5017600,4528500,489100,0.097
County,Los Angeles County,04/01/2021,2021,April,N,Final,4996000,4483700,512300,0.103
County,Los Angeles County,04/01/2021,2021,April,Y,Final,5013900,4493900,520000,0.104
County,Los Angeles County,03/01/2021,2021,March,N,Final,4988700,4469500,519200,0.104
County,Los Angeles County,03/01/2021,2021,March,Y,Final,4977800,4455100,522700,0.105
County,Los Angeles County,02/01/2021,2021,February,N,Final,4982200,4450100,532200,0.107
County,Los Angeles County,02/01/2021,2021,February,Y,Final,4948700,4419000,529600,0.107
County,Los Angeles County,01/01/2021,2021,January,N,Final,4908700,4360700,548000,0.112
County,Los Angeles County,01/01/2021,2021,January,Y,Final,4924800,4389700,535100,0.109
County,Los Angeles County,12/01/2020,2020,December,N,Final,4894800,4354900,539900,0.11
County,Los Angeles County,12/01/2020,2020,December,Y,Final,4918600,4364200,554300,0.113
County,Los Angeles County,11/01/2020,2020,November,N,Final,4930000,4404600,525400,0.107
County,Los Angeles County,11/01/2020,2020,November,Y,Final,4875000,4335700,539300,0.111
County,Los Angeles County,10/01/2020,2020,October,N,Final,4898500,4368200,530300,0.108
County,Los Angeles County,10/01/2020,2020,October,Y,Final,4845800,4303200,542600,0.112
County,Los Angeles County,09/01/2020,2020,September,N,Final,4864100,4284100,580000,0.119
County,Los Angeles County,09/01/2020,2020,September,Y,Final,4841300,4266700,574600,0.119
County,Los Angeles County,08/01/2020,2020,August,N,Final,5010900,4180800,830100,0.166
County,Los Angeles County,08/01/2020,2020,August,Y,Final,5035100,4212600,822500,0.163
County,Los Angeles County,07/01/2020,2020,July,N,Final,5044800,4117900,926900,0.184
County,Los Angeles County,07/01/2020,2020,July,Y,Final,5051600,4161300,890300,0.176
County,Los Angeles County,06/01/2020,2020,June,N,Final,4935000,4058700,876300,0.178
County,Los Angeles County,06/01/2020,2020,June,Y,Final,4970800,4094800,876000,0.176
County,Los Angeles County,05/01/2020,2020,May,N,Final,4703200,3799600,903600,0.192
County,Los Angeles County,05/01/2020,2020,May,Y,Final,4767200,3851500,915800,0.192
County,Los Angeles County,04/01/2020,2020,April,N,Final,4809300,3966300,843000,0.175
County,Los Angeles County,04/01/2020,2020,April,Y,Final,4851200,3981200,870000,0.179
County,Los Angeles County,03/01/2020,2020,March,N,Final,5023100,4687500,335600,0.067
County,Los Angeles County,03/01/2020,2020,March,Y,Final,5003600,4692900,310700,0.062
County,Los Angeles County,02/01/2020,2020,February,N,Final,5265500,5038400,227100,0.043
County,Los Angeles County,02/01/2020,2020,February,Y,Final,5218500,4988900,229600,0.044
County,Los Angeles County,01/01/2020,2020,January,N,Final,5247800,5010300,237500,0.045
County,Los Angeles County,01/01/2020,2020,January,Y,Final,5219100,4989600,229500,0.044
County,Los Angeles County,12/01/2019,2019,December,N,Final,5202200,4993500,208700,0.04
County,Los Angeles County,12/01/2019,2019,December,Y,Final,5213300,4984700,228600,0.044
County,Los Angeles County,11/01/2019,2019,November,N,Final,5240600,5026700,213900,0.041
County,Los Angeles County,11/01/2019,2019,November,Y,Final,5200800,4973400,227400,0.044
County,Los Angeles County,10/01/2019,2019,October,N,Final,5185600,4961900,223600,0.043
County,Los Angeles County,10/01/2019,2019,October,Y,Final,5185300,4958700,226600,0.044
County,Los Angeles County,09/01/2019,2019,September,N,Final,5199500,4976500,223000,0.043
County,Los Angeles County,09/01/2019,2019,September,Y,Final,5171400,4945200,226200,0.044
County,Los Angeles County,08/01/2019,2019,August,N,Final,5120400,4874400,246000,0.048
County,Los Angeles County,08/01/2019,2019,August,Y,Final,5160400,4934600,225800,0.044
County,Los Angeles County,07/01/2019,2019,July,N,Final,5159600,4903700,256000,0.05
County,Los Angeles County,07/01/2019,2019,July,Y,Final,5151100,4926500,224600,0.044
County,Los Angeles County,06/01/2019,2019,June,N,Final,5103500,4876100,227500,0.045
County,Los Angeles County,06/01/2019,2019,June,Y,Final,5142000,4918500,223500,0.043
County,Los Angeles County,05/01/2019,2019,May,N,Final,5122600,4915800,206800,0.04
County,Los Angeles County,05/01/2019,2019,May,Y,Final,5133500,4909700,223700,0.044
County,Los Angeles County,04/01/2019,2019,April,N,Final,5090800,4885000,205800,0.04
County,Los Angeles County,04/01/2019,2019,April,Y,Final,5126700,4901200,225600,0.044
County,Los Angeles County,03/01/2019,2019,March,N,Final,5135400,4907200,228200,0.044
County,Los Angeles County,03/01/2019,2019,March,Y,Final,5122600,4893900,228700,0.045
County,Los Angeles County,02/01/2019,2019,February,N,Final,5142400,4913300,229000,0.045
County,Los Angeles County,02/01/2019,2019,February,Y,Final,5120800,4888500,232300,0.045
County,Los Angeles County,01/01/2019,2019,January,N,Final,5134500,4878600,256000,0.05
County,Los Angeles County,01/01/2019,2019,January,Y,Final,5119500,4884000,235500,0.046
County,Los Angeles County,12/01/2018,2018,December,N,Final,5116600,4890000,226600,0.044
County,Los Angeles County,12/01/2018,2018,December,Y,Final,5117900,4880600,237400,0.046
County,Los Angeles County,11/01/2018,2018,November,N,Final,5148600,4927000,221700,0.043
County,Los Angeles County,11/01/2018,2018,November,Y,Final,5116100,4878200,237900,0.046
County,Los Angeles County,10/01/2018,2018,October,N,Final,5120900,4889700,231200,0.045
County,Los Angeles County,10/01/2018,2018,October,Y,Final,5114300,4877000,237300,0.046
County,Los Angeles County,09/01/2018,2018,September,N,Final,5125500,4891600,233900,0.046
County,Los Angeles County,09/01/2018,2018,September,Y,Final,5113700,4877600,236100,0.046
County,Los Angeles County,08/01/2018,2018,August,N,Final,5069400,4813300,256100,0.051
County,Los Angeles County,08/01/2018,2018,August,Y,Final,5116100,4881100,235000,0.046
County,Los Angeles County,07/01/2018,2018,July,N,Final,5140500,4875900,264600,0.051
County,Los Angeles County,07/01/2018,2018,July,Y,Final,5121400,4886900,234500,0.046
County,Los Angeles County,06/01/2018,2018,June,N,Final,5103200,4858400,244800,0.048
County,Los Angeles County,06/01/2018,2018,June,Y,Final,5127500,4892900,234600,0.046
County,Los Angeles County,05/01/2018,2018,May,N,Final,5109200,4897900,211300,0.041
County,Los Angeles County,05/01/2018,2018,May,Y,Final,5131000,4896000,235000,0.046
County,Los Angeles County,04/01/2018,2018,April,N,Final,5121900,4903200,218700,0.043
County,Los Angeles County,04/01/2018,2018,April,Y,Final,5130200,4894700,235500,0.046
County,Los Angeles County,03/01/2018,2018,March,N,Final,5146700,4917000,229700,0.045
County,Los Angeles County,03/01/2018,2018,March,Y,Final,5125100,4889000,236100,0.046
County,Los Angeles County,02/01/2018,2018,February,N,Final,5149100,4906500,242600,0.047
County,Los Angeles County,02/01/2018,2018,February,Y,Final,5118100,4881600,236600,0.046
County,Los Angeles County,01/01/2018,2018,January,N,Final,5103800,4853600,250200,0.049
County,Los Angeles County,01/01/2018,2018,January,Y,Final,5113200,4876000,237200,0.046
County,Los Angeles County,12/01/2017,2017,December,N,Final,5089300,4866700,222600,0.044
County,Los Angeles County,12/01/2017,2017,December,Y,Final,5112200,4873900,238300,0.047
County,Los Angeles County,11/01/2017,2017,November,N,Final,5133400,4906200,227100,0.044
County,Los Angeles County,11/01/2017,2017,November,Y,Final,5114500,4874700,239800,0.047
County,Los Angeles County,10/01/2017,2017,October,N,Final,5115000,4883200,231700,0.045
County,Los Angeles County,10/01/2017,2017,October,Y,Final,5118500,4877200,241300,0.047
County,Los Angeles County,09/01/2017,2017,September,N,Final,5159800,4913500,246400,0.048
County,Los Angeles County,09/01/2017,2017,September,Y,Final,5122100,4879200,242900,0.047
County,Los Angeles County,08/01/2017,2017,August,N,Final,5096200,4823500,272800,0.054
County,Los Angeles County,08/01/2017,2017,August,Y,Final,5123800,4879600,244200,0.048
County,Los Angeles County,07/01/2017,2017,July,N,Final,5134500,4856600,277900,0.054
County,Los Angeles County,07/01/2017,2017,July,Y,Final,5122900,4877800,245100,0.048
County,Los Angeles County,06/01/2017,2017,June,N,Final,5086100,4839700,246400,0.048
County,Los Angeles County,06/01/2017,2017,June,Y,Final,5119300,4873600,245600,0.048
County,Los Angeles County,05/01/2017,2017,May,N,Final,5097000,4870900,226100,0.044
County,Los Angeles County,05/01/2017,2017,May,Y,Final,5113400,4867000,246400,0.048
County,Los Angeles County,04/01/2017,2017,April,N,Final,5109200,4880000,229200,0.045
County,Los Angeles County,04/01/2017,2017,April,Y,Final,5105600,4857900,247700,0.049
County,Los Angeles County,03/01/2017,2017,March,N,Final,5120600,4880000,240600,0.047
County,Los Angeles County,03/01/2017,2017,March,Y,Final,5096300,4846500,249900,0.049
County,Los Angeles County,02/01/2017,2017,February,N,Final,5111400,4852800,258600,0.051
County,Los Angeles County,02/01/2017,2017,February,Y,Final,5086700,4833200,253500,0.05
County,Los Angeles County,01/01/2017,2017,January,N,Final,5065300,4796400,268900,0.053
County,Los Angeles County,01/01/2017,2017,January,Y,Final,5077500,4819400,258100,0.051
County,Los Angeles County,12/01/2016,2016,December,N,Final,5027600,4782800,244800,0.049
County,Los Angeles County,12/01/2016,2016,December,Y,Final,5053600,4791400,262300,0.052
County,Los Angeles County,11/01/2016,2016,November,N,Final,5055900,4806400,249500,0.049
County,Los Angeles County,11/01/2016,2016,November,Y,Final,5049100,4783400,265800,0.053
County,Los Angeles County,10/01/2016,2016,October,N,Final,5042900,4775200,267800,0.053
County,Los Angeles County,10/01/2016,2016,October,Y,Final,5046000,4778300,267700,0.053
County,Los Angeles County,09/01/2016,2016,September,N,Final,5074800,4795100,279700,0.055
County,Los Angeles County,09/01/2016,2016,September,Y,Final,5042300,4774500,267800,0.053
County,Los Angeles County,08/01/2016,2016,August,N,Final,5020800,4732700,288000,0.057
County,Los Angeles County,08/01/2016,2016,August,Y,Final,5036300,4769500,266900,0.053
County,Los Angeles County,07/01/2016,2016,July,N,Final,5047700,4752600,295100,0.058
County,Los Angeles County,07/01/2016,2016,July,Y,Final,5028000,4762200,265800,0.053
County,Los Angeles County,06/01/2016,2016,June,N,Final,4996900,4725100,271900,0.054
County,Los Angeles County,06/01/2016,2016,June,Y,Final,5018200,4753400,264800,0.053
County,Los Angeles County,05/01/2016,2016,May,N,Final,4990500,4750200,240300,0.048
County,Los Angeles County,05/01/2016,2016,May,Y,Final,5008100,4743200,264900,0.053
County,Los Angeles County,04/01/2016,2016,April,N,Final,5004100,4753000,251000,0.05
County,Los Angeles County,04/01/2016,2016,April,Y,Final,4998800,4732000,266800,0.053
County,Los Angeles County,03/01/2016,2016,March,N,Final,5003700,4739300,264400,0.053
County,Los Angeles County,03/01/2016,2016,March,Y,Final,4991100,4720600,270500,0.054
County,Los Angeles County,02/01/2016,2016,February,N,Final,5000500,4726400,274100,0.055
County,Los Angeles County,02/01/2016,2016,February,Y,Final,4983700,4708500,275200,0.055
County,Los Angeles County,01/01/2016,2016,January,N,Final,4961600,4675700,286000,0.058
County,Los Angeles County,01/01/2016,2016,January,Y,Final,4974900,4694700,280200,0.056
County,Los Angeles County,12/01/2015,2015,December,N,Final,4940800,4668700,272100,0.055
County,Los Angeles County,12/01/2015,2015,December,Y,Final,4964500,4679300,285200,0.057
County,Los Angeles County,11/01/2015,2015,November,N,Final,4975700,4692800,282900,0.057
County,Los Angeles County,11/01/2015,2015,November,Y,Final,4954100,4663700,290300,0.059
County,Los Angeles County,10/01/2015,2015,October,N,Final,4945000,4650700,294300,0.06
County,Los Angeles County,10/01/2015,2015,October,Y,Final,4947100,4650800,296300,0.06
County,Los Angeles County,09/01/2015,2015,September,N,Final,4949900,4645200,304700,0.062
County,Los Angeles County,09/01/2015,2015,September,Y,Final,4947000,4642600,304400,0.062
County,Los Angeles County,08/01/2015,2015,August,N,Final,4931900,4599000,332800,0.067
County,Los Angeles County,08/01/2015,2015,August,Y,Final,4953300,4638800,314500,0.063
County,Los Angeles County,07/01/2015,2015,July,N,Final,4979600,4619000,360600,0.072
County,Los Angeles County,07/01/2015,2015,July,Y,Final,4963800,4637600,326200,0.066
County,Los Angeles County,06/01/2015,2015,June,N,Final,4966500,4623100,343400,0.069
County,Los Angeles County,06/01/2015,2015,June,Y,Final,4975800,4637000,338800,0.068
County,Los Angeles County,05/01/2015,2015,May,N,Final,5009100,4665000,344200,0.069
County,Los Angeles County,05/01/2015,2015,May,Y,Final,4986900,4636300,350600,0.07
County,Los Angeles County,04/01/2015,2015,April,N,Final,4995700,4656800,338900,0.068
County,Los Angeles County,04/01/2015,2015,April,Y,Final,4995000,4634500,360500,0.072
County,Los Angeles County,03/01/2015,2015,March,N,Final,4985300,4630600,354800,0.071
County,Los Angeles County,03/01/2015,2015,March,Y,Final,4999300,4631300,368000,0.074
County,Los Angeles County,02/01/2015,2015,February,N,Final,5006800,4634800,372000,0.074
County,Los Angeles County,02/01/2015,2015,February,Y,Final,5001200,4627500,373700,0.075
County,Los Angeles County,01/01/2015,2015,January,N,Final,4998700,4606800,391800,0.078
County,Los Angeles County,01/01/2015,2015,January,Y,Final,5002900,4624200,378700,0.076
County,Los Angeles County,12/01/2014,2014,December,N,Final,4984500,4623200,361300,0.072
County,Los Angeles County,12/01/2014,2014,December,Y,Final,5005000,4620900,384100,0.077
County,Los Angeles County,11/01/2014,2014,November,N,Final,5015300,4632200,383100,0.076
County,Los Angeles County,11/01/2014,2014,November,Y,Final,5006800,4616700,390000,0.078
County,Los Angeles County,10/01/2014,2014,October,N,Final,5001400,4610800,390700,0.078
County,Los Angeles County,10/01/2014,2014,October,Y,Final,5006200,4610300,395900,0.079
County,Los Angeles County,09/01/2014,2014,September,N,Final,5025100,4621500,403500,0.08
County,Los Angeles County,09/01/2014,2014,September,Y,Final,5001200,4601000,400200,0.08
County,Los Angeles County,08/01/2014,2014,August,N,Final,4992600,4558500,434100,0.087
County,Los Angeles County,08/01/2014,2014,August,Y,Final,4993700,4590200,403500,0.081
County,Los Angeles County,07/01/2014,2014,July,N,Final,5003600,4554800,448800,0.09
County,Los Angeles County,07/01/2014,2014,July,Y,Final,4986300,4579300,407000,0.082
County,Los Angeles County,06/01/2014,2014,June,N,Final,4963000,4553300,409700,0.083
County,Los Angeles County,06/01/2014,2014,June,Y,Final,4979500,4568300,411100,0.083
County,Los Angeles County,05/01/2014,2014,May,N,Final,4965200,4567000,398200,0.08
County,Los Angeles County,05/01/2014,2014,May,Y,Final,4973200,4557400,415800,0.084
County,Los Angeles County,04/01/2014,2014,April,N,Final,4959500,4574800,384700,0.078
County,Los Angeles County,04/01/2014,2014,April,Y,Final,4967500,4546900,420600,0.085
County,Los Angeles County,03/01/2014,2014,March,N,Final,4979400,4549900,429600,0.086
County,Los Angeles County,03/01/2014,2014,March,Y,Final,4962000,4536200,425800,0.086
County,Los Angeles County,02/01/2014,2014,February,N,Final,4966500,4528400,438100,0.088
County,Los Angeles County,02/01/2014,2014,February,Y,Final,4957100,4524900,432200,0.087
County,Los Angeles County,01/01/2014,2014,January,N,Final,4932900,4491800,441100,0.089
County,Los Angeles County,01/01/2014,2014,January,Y,Final,4953700,4514300,439400,0.089
County,Los Angeles County,12/01/2013,2013,December,N,Final,4928100,4505700,422400,0.086
County,Los Angeles County,12/01/2013,2013,December,Y,Final,4952300,4505500,446900,0.09
County,Los Angeles County,11/01/2013,2013,November,N,Final,4960600,4516700,443900,0.089
County,Los Angeles County,11/01/2013,2013,November,Y,Final,4954100,4499200,454900,0.092
County,Los Angeles County,10/01/2013,2013,October,N,Final,4950600,4480400,470200,0.095
County,Los Angeles County,10/01/2013,2013,October,Y,Final,4959600,4495700,463900,0.094
County,Los Angeles County,09/01/2013,2013,September,N,Final,5004400,4525400,478900,0.096
County,Los Angeles County,09/01/2013,2013,September,Y,Final,4967100,4494000,473100,0.095
County,Los Angeles County,08/01/2013,2013,August,N,Final,4967300,4466800,500500,0.101
County,Los Angeles County,08/01/2013,2013,August,Y,Final,4972700,4491400,481300,0.097
County,Los Angeles County,07/01/2013,2013,July,N,Final,4983400,4458900,524600,0.105
County,Los Angeles County,07/01/2013,2013,July,Y,Final,4972600,4486000,486600,0.098
County,Los Angeles County,06/01/2013,2013,June,N,Final,4973800,4466100,507700,0.102
County,Los Angeles County,06/01/2013,2013,June,Y,Final,4967200,4477200,490000,0.099
County,Los Angeles County,05/01/2013,2013,May,N,Final,4960900,4487100,473800,0.096
County,Los Angeles County,05/01/2013,2013,May,Y,Final,4959100,4465500,493600,0.1
County,Los Angeles County,04/01/2013,2013,April,N,Final,4940100,4475800,464300,0.094
County,Los Angeles County,04/01/2013,2013,April,Y,Final,4951200,4453200,498000,0.101
County,Los Angeles County,03/01/2013,2013,March,N,Final,4919400,4435900,483500,0.098
County,Los Angeles County,03/01/2013,2013,March,Y,Final,4945600,4442900,502700,0.102
County,Los Angeles County,02/01/2013,2013,February,N,Final,4948000,4440700,507300,0.103
County,Los Angeles County,02/01/2013,2013,February,Y,Final,4942500,4435700,506900,0.103
County,Los Angeles County,01/01/2013,2013,January,N,Final,4933100,4397400,535600,0.109
County,Los Angeles County,01/01/2013,2013,January,Y,Final,4939300,4429200,510100,0.103
County,Los Angeles County,12/01/2012,2012,December,N,Final,4931800,4429700,502100,0.102
County,Los Angeles County,12/01/2012,2012,December,Y,Final,4934200,4421500,512700,0.104
County,Los Angeles County,11/01/2012,2012,November,N,Final,4936300,4441900,494400,0.1
County,Los Angeles County,11/01/2012,2012,November,Y,Final,4926100,4411000,515100,0.105
County,Los Angeles County,10/01/2012,2012,October,N,Final,4924000,4408900,515200,0.105
County,Los Angeles County,10/01/2012,2012,October,Y,Final,4915500,4397400,518100,0.105
County,Los Angeles County,09/01/2012,2012,September,N,Final,4912200,4394900,517300,0.105
County,Los Angeles County,09/01/2012,2012,September,Y,Final,4904500,4382000,522500,0.107
County,Los Angeles County,08/01/2012,2012,August,N,Final,4884300,4328400,555900,0.114
County,Los Angeles County,08/01/2012,2012,August,Y,Final,4895700,4367200,528500,0.108
County,Los Angeles County,07/01/2012,2012,July,N,Final,4909900,4326800,583100,0.119
County,Los Angeles County,07/01/2012,2012,July,Y,Final,4891200,4355100,536100,0.11
County,Los Angeles County,06/01/2012,2012,June,N,Final,4887700,4335700,552000,0.113
County,Los Angeles County,06/01/2012,2012,June,Y,Final,4890300,4346700,543600,0.111
County,Los Angeles County,05/01/2012,2012,May,N,Final,4893400,4363900,529500,0.108
County,Los Angeles County,05/01/2012,2012,May,Y,Final,4892000,4342300,549700,0.112
County,Los Angeles County,04/01/2012,2012,April,N,Final,4884400,4364900,519500,0.106
County,Los Angeles County,04/01/2012,2012,April,Y,Final,4895400,4340800,554600,0.113
County,Los Angeles County,03/01/2012,2012,March,N,Final,4892000,4340800,551200,0.113
County,Los Angeles County,03/01/2012,2012,March,Y,Final,4900200,4341100,559200,0.114
County,Los Angeles County,02/01/2012,2012,February,N,Final,4915300,4343700,571600,0.116
County,Los Angeles County,02/01/2012,2012,February,Y,Final,4907200,4342600,564600,0.115
County,Los Angeles County,01/01/2012,2012,January,N,Final,4887300,4308700,578600,0.118
County,Los Angeles County,01/01/2012,2012,January,Y,Final,4917200,4345200,572000,0.116
County,Los Angeles County,12/01/2011,2011,December,N,Final,4924400,4357100,567300,0.115
County,Los Angeles County,12/01/2011,2011,December,Y,Final,4928300,4347600,580700,0.118
County,Los Angeles County,11/01/2011,2011,November,N,Final,4941800,4371000,570800,0.116
County,Los Angeles County,11/01/2011,2011,November,Y,Final,4937400,4347600,589700,0.119
County,Los Angeles County,10/01/2011,2011,October,N,Final,4956200,4359100,597200,0.12
County,Los Angeles County,10/01/2011,2011,October,Y,Final,4942300,4344200,598000,0.121
County,Los Angeles County,09/01/2011,2011,September,N,Final,4974200,4355300,618900,0.124
County,Los Angeles County,09/01/2011,2011,September,Y,Final,4943100,4338300,604700,0.122
County,Los Angeles County,08/01/2011,2011,August,N,Final,4942400,4309900,632500,0.128
County,Los Angeles County,08/01/2011,2011,August,Y,Final,4941300,4332100,609200,0.123
County,Los Angeles County,07/01/2011,2011,July,N,Final,4937700,4292100,645600,0.131
County,Los Angeles County,07/01/2011,2011,July,Y,Final,4938100,4327300,610700,0.124
County,Los Angeles County,06/01/2011,2011,June,N,Final,4925900,4308100,617700,0.125
County,Los Angeles County,06/01/2011,2011,June,Y,Final,4935900,4326000,609900,0.124
County,Los Angeles County,05/01/2011,2011,May,N,Final,4925000,4339600,585400,0.119
County,Los Angeles County,05/01/2011,2011,May,Y,Final,4936800,4328900,607900,0.123
County,Los Angeles County,04/01/2011,2011,April,N,Final,4951200,4370400,580700,0.117
County,Los Angeles County,04/01/2011,2011,April,Y,Final,4940600,4333800,606900,0.123
County,Los Angeles County,03/01/2011,2011,March,N,Final,4930800,4334200,596600,0.121
County,Los Angeles County,03/01/2011,2011,March,Y,Final,4945600,4337100,608500,0.123
County,Los Angeles County,02/01/2011,2011,February,N,Final,4950400,4340500,610000,0.123
County,Los Angeles County,02/01/2011,2011,February,Y,Final,4948900,4336900,612100,0.124
County,Los Angeles County,01/01/2011,2011,January,N,Final,4940100,4311100,629000,0.127
County,Los Angeles County,01/01/2011,2011,January,Y,Final,4950400,4333800,616600,0.125
County,Los Angeles County,12/01/2010,2010,December,N,Final,4943800,4334900,608800,0.123
County,Los Angeles County,12/01/2010,2010,December,Y,Final,4951100,4330000,621200,0.125
County,Los Angeles County,11/01/2010,2010,November,N,Final,4961000,4333700,627400,0.126
County,Los Angeles County,11/01/2010,2010,November,Y,Final,4951400,4327100,624200,0.126
County,Los Angeles County,10/01/2010,2010,October,N,Final,4939300,4325500,613800,0.124
County,Los Angeles County,10/01/2010,2010,October,Y,Final,4950300,4325800,624500,0.126
County,Los Angeles County,09/01/2010,2010,September,N,Final,4974500,4349900,624600,0.126
County,Los Angeles County,09/01/2010,2010,September,Y,Final,4948400,4326100,622300,0.126
County,Los Angeles County,08/01/2010,2010,August,N,Final,4962100,4318600,643500,0.13
County,Los Angeles County,08/01/2010,2010,August,Y,Final,4946900,4327700,619200,0.125
County,Los Angeles County,07/01/2010,2010,July,N,Final,4957100,4303800,653300,0.132
County,Los Angeles County,07/01/2010,2010,July,Y,Final,4946300,4329200,617100,0.125
County,Los Angeles County,06/01/2010,2010,June,N,Final,4923300,4312500,610900,0.124
County,Los Angeles County,06/01/2010,2010,June,Y,Final,4945900,4328600,617300,0.125
County,Los Angeles County,05/01/2010,2010,May,N,Final,4925000,4328700,596300,0.121
County,Los Angeles County,05/01/2010,2010,May,Y,Final,4943700,4324300,619500,0.125
County,Los Angeles County,04/01/2010,2010,April,N,Final,4962800,4361300,601500,0.121
County,Los Angeles County,04/01/2010,2010,April,Y,Final,4938700,4317300,621300,0.126
County,Los Angeles County,03/01/2010,2010,March,N,Final,4924200,4304300,620000,0.126
County,Los Angeles County,03/01/2010,2010,March,Y,Final,4931100,4309600,621500,0.126
County,Los Angeles County,02/01/2010,2010,February,N,Final,4927800,4301500,626300,0.127
County,Los Angeles County,02/01/2010,2010,February,Y,Final,4921300,4301100,620100,0.126
County,Los Angeles County,01/01/2010,2010,January,N,Final,4887200,4250100,637000,0.13
County,Los Angeles County,01/01/2010,2010,January,Y,Final,4910000,4292600,617300,0.126
County,Los Angeles County,12/01/2009,2009,December,N,Final,4880400,4287600,592800,0.121
County,Los Angeles County,12/01/2009,2009,December,Y,Final,4900300,4286900,613300,0.125
County,Los Angeles County,11/01/2009,2009,November,N,Final,4916800,4328100,588700,0.12
County,Los Angeles County,11/01/2009,2009,November,Y,Final,4897100,4287800,609300,0.124
County,Los Angeles County,10/01/2009,2009,October,N,Final,4904200,4297400,606800,0.124
County,Los Angeles County,10/01/2009,2009,October,Y,Final,4902700,4296500,606200,0.124
County,Los Angeles County,09/01/2009,2009,September,N,Final,4914200,4303700,610600,0.124
County,Los Angeles County,09/01/2009,2009,September,Y,Final,4915300,4312100,603300,0.123
County,Los Angeles County,08/01/2009,2009,August,N,Final,4933500,4316900,616600,0.125
County,Los Angeles County,08/01/2009,2009,August,Y,Final,4931000,4331400,599500,0.122
County,Los Angeles County,07/01/2009,2009,July,N,Final,4972900,4346900,625900,0.126
County,Los Angeles County,07/01/2009,2009,July,Y,Final,4945900,4351500,594400,0.12
County,Los Angeles County,06/01/2009,2009,June,N,Final,4964500,4373500,591000,0.119
County,Los Angeles County,06/01/2009,2009,June,Y,Final,4957000,4369500,587600,0.119
County,Los Angeles County,05/01/2009,2009,May,N,Final,4942300,4381800,560500,0.113
County,Los Angeles County,05/01/2009,2009,May,Y,Final,4963200,4384400,578800,0.117
County,Los Angeles County,04/01/2009,2009,April,N,Final,4965600,4427100,538500,0.108
County,Los Angeles County,04/01/2009,2009,April,Y,Final,4964600,4397200,567400,0.114
County,Los Angeles County,03/01/2009,2009,March,N,Final,4951100,4398600,552500,0.112
County,Los Angeles County,03/01/2009,2009,March,Y,Final,4963000,4410600,552400,0.111
County,Los Angeles County,02/01/2009,2009,February,N,Final,4966700,4421500,545200,0.11
County,Los Angeles County,02/01/2009,2009,February,Y,Final,4961000,4428400,532700,0.107
County,Los Angeles County,01/01/2009,2009,January,N,Final,4931400,4402600,528900,0.107
County,Los Angeles County,01/01/2009,2009,January,Y,Final,4959900,4450800,509100,0.103
County,Los Angeles County,12/01/2008,2008,December,N,Final,4956600,4487200,469400,0.095
County,Los Angeles County,12/01/2008,2008,December,Y,Final,4959100,4475500,483600,0.098
County,Los Angeles County,11/01/2008,2008,November,N,Final,4975300,4536600,438600,0.088
County,Los Angeles County,11/01/2008,2008,November,Y,Final,4956900,4499200,457700,0.092
County,Los Angeles County,10/01/2008,2008,October,N,Final,4969400,4545000,424300,0.085
County,Los Angeles County,10/01/2008,2008,October,Y,Final,4952000,4518600,433400,0.088
County,Los Angeles County,09/01/2008,2008,September,N,Final,4948000,4537000,411000,0.083
County,Los Angeles County,09/01/2008,2008,September,Y,Final,4944500,4532700,411800,0.083
County,Los Angeles County,08/01/2008,2008,August,N,Final,4931400,4516200,415300,0.084
County,Los Angeles County,08/01/2008,2008,August,Y,Final,4934800,4542100,392800,0.08
County,Los Angeles County,07/01/2008,2008,July,N,Final,4951600,4545900,405700,0.082
County,Los Angeles County,07/01/2008,2008,July,Y,Final,4924600,4549600,375000,0.076
County,Los Angeles County,06/01/2008,2008,June,N,Final,4899800,4541500,358300,0.073
County,Los Angeles County,06/01/2008,2008,June,Y,Final,4914800,4557700,357100,0.073
County,Los Angeles County,05/01/2008,2008,May,N,Final,4885400,4557100,328400,0.067
County,Los Angeles County,05/01/2008,2008,May,Y,Final,4906800,4567600,339200,0.069
County,Los Angeles County,04/01/2008,2008,April,N,Final,4901300,4604800,296500,0.06
County,Los Angeles County,04/01/2008,2008,April,Y,Final,4902200,4579700,322600,0.066
County,Los Angeles County,03/01/2008,2008,March,N,Final,4898700,4593000,305800,0.062
County,Los Angeles County,03/01/2008,2008,March,Y,Final,4900800,4592700,308100,0.063
County,Los Angeles County,02/01/2008,2008,February,N,Final,4902400,4607100,295300,0.06
County,Los Angeles County,02/01/2008,2008,February,Y,Final,4901000,4604500,296500,0.061
County,Los Angeles County,01/01/2008,2008,January,N,Final,4867000,4564700,302200,0.062
County,Los Angeles County,01/01/2008,2008,January,Y,Final,4902000,4614300,287700,0.059
County,Los Angeles County,12/01/2007,2007,December,N,Final,4917300,4641900,275500,0.056
County,Los Angeles County,12/01/2007,2007,December,Y,Final,4902400,4621800,280500,0.057
County,Los Angeles County,11/01/2007,2007,November,N,Final,4933800,4670200,263600,0.053
County,Los Angeles County,11/01/2007,2007,November,Y,Final,4901500,4627100,274300,0.056
County,Los Angeles County,10/01/2007,2007,October,N,Final,4893300,4633700,259600,0.053
County,Los Angeles County,10/01/2007,2007,October,Y,Final,4898500,4630700,267900,0.055
County,Los Angeles County,09/01/2007,2007,September,N,Final,4893200,4628500,264700,0.054
County,Los Angeles County,09/01/2007,2007,September,Y,Final,4892600,4631700,260900,0.053
County,Los Angeles County,08/01/2007,2007,August,N,Final,4884600,4618300,266200,0.055
County,Los Angeles County,08/01/2007,2007,August,Y,Final,4883600,4629600,254000,0.052
County,Los Angeles County,07/01/2007,2007,July,N,Final,4902400,4625000,277400,0.057
County,Los Angeles County,07/01/2007,2007,July,Y,Final,4872200,4624500,247700,0.051
County,Los Angeles County,06/01/2007,2007,June,N,Final,4850900,4607000,243900,0.05
County,Los Angeles County,06/01/2007,2007,June,Y,Final,4860000,4617300,242700,0.05
County,Los Angeles County,05/01/2007,2007,May,N,Final,4817100,4597900,219200,0.046
County,Los Angeles County,05/01/2007,2007,May,Y,Final,4848600,4609800,238800,0.049
County,Los Angeles County,04/01/2007,2007,April,N,Final,4832800,4609300,223500,0.046
County,Los Angeles County,04/01/2007,2007,April,Y,Final,4838300,4602600,235700,0.049
County,Los Angeles County,03/01/2007,2007,March,N,Final,4827900,4600400,227400,0.047
County,Los Angeles County,03/01/2007,2007,March,Y,Final,4829300,4596500,232900,0.048
County,Los Angeles County,02/01/2007,2007,February,N,Final,4826300,4590600,235700,0.049
County,Los Angeles County,02/01/2007,2007,February,Y,Final,4822000,4592100,229900,0.048
County,Los Angeles County,01/01/2007,2007,January,N,Final,4796300,4552000,244300,0.051
County,Los Angeles County,01/01/2007,2007,January,Y,Final,4814900,4587700,227100,0.047
County,Los Angeles County,12/01/2006,2006,December,N,Final,4818900,4607900,210900,0.044
County,Los Angeles County,12/01/2006,2006,December,Y,Final,4806700,4581400,225300,0.047
County,Los Angeles County,11/01/2006,2006,November,N,Final,4818200,4602700,215500,0.045
County,Los Angeles County,11/01/2006,2006,November,Y,Final,4797300,4572800,224500,0.047
County,Los Angeles County,10/01/2006,2006,October,N,Final,4797100,4586300,210800,0.044
County,Los Angeles County,10/01/2006,2006,October,Y,Final,4788600,4563800,224800,0.047
County,Los Angeles County,09/01/2006,2006,September,N,Final,4782000,4552500,229600,0.048
County,Los Angeles County,09/01/2006,2006,September,Y,Final,4782500,4556700,225800,0.047
County,Los Angeles County,08/01/2006,2006,August,N,Final,4767000,4521800,245200,0.051
County,Los Angeles County,08/01/2006,2006,August,Y,Final,4780500,4553400,227000,0.047
County,Los Angeles County,07/01/2006,2006,July,N,Final,4802100,4544400,257700,0.054
County,Los Angeles County,07/01/2006,2006,July,Y,Final,4782900,4554600,228400,0.048
County,Los Angeles County,06/01/2006,2006,June,N,Final,4774900,4547100,227800,0.048
County,Los Angeles County,06/01/2006,2006,June,Y,Final,4788600,4559200,229400,0.048
County,Los Angeles County,05/01/2006,2006,May,N,Final,4776300,4561000,215300,0.045
County,Los Angeles County,05/01/2006,2006,May,Y,Final,4795000,4565000,230000,0.048
County,Los Angeles County,04/01/2006,2006,April,N,Final,4798100,4579900,218100,0.045
County,Los Angeles County,04/01/2006,2006,April,Y,Final,4800500,4569500,231000,0.048
County,Los Angeles County,03/01/2006,2006,March,N,Final,4811400,4585800,225700,0.047
County,Los Angeles County,03/01/2006,2006,March,Y,Final,4804200,4571100,233100,0.049
County,Los Angeles County,02/01/2006,2006,February,N,Final,4813100,4569500,243700,0.051
County,Los Angeles County,02/01/2006,2006,February,Y,Final,4805600,4569300,236200,0.049
County,Los Angeles County,01/01/2006,2006,January,N,Final,4774700,4529700,244900,0.051
County,Los Angeles County,01/01/2006,2006,January,Y,Final,4805700,4566200,239500,0.05
County,Los Angeles County,12/01/2005,2005,December,N,Final,4815000,4583700,231300,0.048
County,Los Angeles County,12/01/2005,2005,December,Y,Final,4805500,4563700,241800,0.05
County,Los Angeles County,11/01/2005,2005,November,N,Final,4829600,4584800,244800,0.051
County,Los Angeles County,11/01/2005,2005,November,Y,Final,4804700,4561800,242900,0.051
County,Los Angeles County,10/01/2005,2005,October,N,Final,4815800,4581100,234700,0.049
County,Los Angeles County,10/01/2005,2005,October,Y,Final,4802900,4559800,243100,0.051
County,Los Angeles County,09/01/2005,2005,September,N,Final,4799500,4555500,244100,0.051
County,Los Angeles County,09/01/2005,2005,September,Y,Final,4800700,4557800,242900,0.051
County,Los Angeles County,08/01/2005,2005,August,N,Final,4795000,4545700,249300,0.052
County,Los Angeles County,08/01/2005,2005,August,Y,Final,4798000,4554700,243400,0.051
County,Los Angeles County,07/01/2005,2005,July,N,Final,4805300,4534300,271000,0.056
County,Los Angeles County,07/01/2005,2005,July,Y,Final,4794200,4548700,245500,0.051
County,Los Angeles County,06/01/2005,2005,June,N,Final,4766000,4512100,253900,0.053
County,Los Angeles County,06/01/2005,2005,June,Y,Final,4788900,4539300,249700,0.052
County,Los Angeles County,05/01/2005,2005,May,N,Final,4765200,4521900,243300,0.051
County,Los Angeles County,05/01/2005,2005,May,Y,Final,4782600,4527000,255600,0.053
County,Los Angeles County,04/01/2005,2005,April,N,Final,4787600,4538300,249300,0.052
County,Los Angeles County,04/01/2005,2005,April,Y,Final,4776000,4513700,262300,0.055
County,Los Angeles County,03/01/2005,2005,March,N,Final,4762200,4499300,262900,0.055
County,Los Angeles County,03/01/2005,2005,March,Y,Final,4770400,4501700,268700,0.056
County,Los Angeles County,02/01/2005,2005,February,N,Final,4773800,4491600,282200,0.059
County,Los Angeles County,02/01/2005,2005,February,Y,Final,4765800,4491100,274700,0.058
County,Los Angeles County,01/01/2005,2005,January,N,Final,4732400,4446300,286100,0.06
County,Los Angeles County,01/01/2005,2005,January,Y,Final,4761900,4481800,280000,0.059
County,Los Angeles County,12/01/2004,2004,December,N,Final,4773600,4501700,271900,0.057
County,Los Angeles County,12/01/2004,2004,December,Y,Final,4758800,4474000,284800,0.06
County,Los Angeles County,11/01/2004,2004,November,N,Final,4791800,4506200,285600,0.06
County,Los Angeles County,11/01/2004,2004,November,Y,Final,4757200,4468100,289200,0.061
County,Los Angeles County,10/01/2004,2004,October,N,Final,4766800,4477300,289400,0.061
County,Los Angeles County,10/01/2004,2004,October,Y,Final,4756300,4462800,293500,0.062
County,Los Angeles County,09/01/2004,2004,September,N,Final,4741900,4445100,296900,0.063
County,Los Angeles County,09/01/2004,2004,September,Y,Final,4754600,4456700,297800,0.063
County,Los Angeles County,08/01/2004,2004,August,N,Final,4739100,4429700,309400,0.065
County,Los Angeles County,08/01/2004,2004,August,Y,Final,4751600,4449200,302500,0.064
County,Los Angeles County,07/01/2004,2004,July,N,Final,4775300,4440900,334400,0.07
County,Los Angeles County,07/01/2004,2004,July,Y,Final,4748000,4440800,307200,0.065
County,Los Angeles County,06/01/2004,2004,June,N,Final,4725200,4405100,320200,0.068
County,Los Angeles County,06/01/2004,2004,June,Y,Final,4744600,4433000,311600,0.066
County,Los Angeles County,05/01/2004,2004,May,N,Final,4712400,4411400,301000,0.064
County,Los Angeles County,05/01/2004,2004,May,Y,Final,4741800,4426600,315200,0.066
County,Los Angeles County,04/01/2004,2004,April,N,Final,4731000,4428600,302500,0.064
County,Los Angeles County,04/01/2004,2004,April,Y,Final,4738300,4421000,317300,0.067
County,Los Angeles County,03/01/2004,2004,March,N,Final,4742000,4420100,321900,0.068
County,Los Angeles County,03/01/2004,2004,March,Y,Final,4734000,4415800,318300,0.067
County,Los Angeles County,02/01/2004,2004,February,N,Final,4747000,4430800,316200,0.067
County,Los Angeles County,02/01/2004,2004,February,Y,Final,4729600,4410600,319000,0.067
County,Los Angeles County,01/01/2004,2004,January,N,Final,4720600,4389900,330700,0.07
County,Los Angeles County,01/01/2004,2004,January,Y,Final,4725800,4405100,320600,0.068
County,Los Angeles County,12/01/2003,2003,December,N,Final,4719100,4417600,301500,0.064
County,Los Angeles County,12/01/2003,2003,December,Y,Final,4722300,4398800,323500,0.069
County,Los Angeles County,11/01/2003,2003,November,N,Final,4739400,4414700,324700,0.069
County,Los Angeles County,11/01/2003,2003,November,Y,Final,4720200,4392600,327700,0.069
County,Los Angeles County,10/01/2003,2003,October,N,Final,4734500,4404300,330200,0.07
County,Los Angeles County,10/01/2003,2003,October,Y,Final,4721000,4388500,332500,0.07
County,Los Angeles County,09/01/2003,2003,September,N,Final,4718100,4380100,338000,0.072
County,Los Angeles County,09/01/2003,2003,September,Y,Final,4725000,4388000,336900,0.071
County,Los Angeles County,08/01/2003,2003,August,N,Final,4722000,4370800,351300,0.074
County,Los Angeles County,08/01/2003,2003,August,Y,Final,4731100,4391700,339400,0.072
County,Los Angeles County,07/01/2003,2003,July,N,Final,4745900,4381500,364400,0.077
County,Los Angeles County,07/01/2003,2003,July,Y,Final,4737800,4398600,339300,0.072
County,Los Angeles County,06/01/2003,2003,June,N,Final,4735700,4383500,352300,0.074
County,Los Angeles County,06/01/2003,2003,June,Y,Final,4742700,4405800,336900,0.071
County,Los Angeles County,05/01/2003,2003,May,N,Final,4711900,4396400,315400,0.067
County,Los Angeles County,05/01/2003,2003,May,Y,Final,4744600,4411100,333600,0.07
County,Los Angeles County,04/01/2003,2003,April,N,Final,4740400,4427200,313200,0.066
County,Los Angeles County,04/01/2003,2003,April,Y,Final,4744100,4413700,330400,0.07
County,Los Angeles County,03/01/2003,2003,March,N,Final,4756100,4436100,320000,0.067
County,Los Angeles County,03/01/2003,2003,March,Y,Final,4741800,4414100,327700,0.069
County,Los Angeles County,02/01/2003,2003,February,N,Final,4757600,4429500,328100,0.069
County,Los Angeles County,02/01/2003,2003,February,Y,Final,4739600,4414300,325300,0.069
County,Los Angeles County,01/01/2003,2003,January,N,Final,4715800,4380100,335700,0.071
County,Los Angeles County,01/01/2003,2003,January,Y,Final,4739000,4416000,323000,0.068
County,Los Angeles County,12/01/2002,2002,December,N,Final,4748700,4438700,310000,0.065
County,Los Angeles County,12/01/2002,2002,December,Y,Final,4740500,4419300,321200,0.068
County,Los Angeles County,11/01/2002,2002,November,N,Final,4759100,4445700,313400,0.066
County,Los Angeles County,11/01/2002,2002,November,Y,Final,4742700,4423100,319600,0.067
County,Los Angeles County,10/01/2002,2002,October,N,Final,4758800,4449800,308900,0.065
County,Los Angeles County,10/01/2002,2002,October,Y,Final,4744000,4425500,318500,0.067
County,Los Angeles County,09/01/2002,2002,September,N,Final,4754600,4438000,316700,0.067
County,Los Angeles County,09/01/2002,2002,September,Y,Final,4743800,4425100,318700,0.067
County,Los Angeles County,08/01/2002,2002,August,N,Final,4729300,4391700,337600,0.071
County,Los Angeles County,08/01/2002,2002,August,Y,Final,4741700,4421100,320600,0.068
County,Los Angeles County,07/01/2002,2002,July,N,Final,4753000,4402600,350400,0.074
County,Los Angeles County,07/01/2002,2002,July,Y,Final,4739300,4415500,323700,0.068
County,Los Angeles County,06/01/2002,2002,June,N,Final,4703000,4369300,333700,0.071
County,Los Angeles County,06/01/2002,2002,June,Y,Final,4737900,4410800,327100,0.069
County,Los Angeles County,05/01/2002,2002,May,N,Final,4706900,4395600,311200,0.066
County,Los Angeles County,05/01/2002,2002,May,Y,Final,4738300,4408600,329700,0.07
County,Los Angeles County,04/01/2002,2002,April,N,Final,4733100,4412800,320300,0.068
County,Los Angeles County,04/01/2002,2002,April,Y,Final,4741000,4410100,330900,0.07
County,Los Angeles County,03/01/2002,2002,March,N,Final,4764200,4436000,328300,0.069
County,Los Angeles County,03/01/2002,2002,March,Y,Final,4745300,4414600,330700,0.07
County,Los Angeles County,02/01/2002,2002,February,N,Final,4778200,4451800,326400,0.068
County,Los Angeles County,02/01/2002,2002,February,Y,Final,4749600,4420700,328900,0.069
County,Los Angeles County,01/01/2002,2002,January,N,Final,4721200,4385100,336100,0.071
County,Los Angeles County,01/01/2002,2002,January,Y,Final,4751900,4426700,325200,0.068
County,Los Angeles County,12/01/2001,2001,December,N,Final,4766200,4461500,304700,0.064
County,Los Angeles County,12/01/2001,2001,December,Y,Final,4750900,4431600,319300,0.067
County,Los Angeles County,11/01/2001,2001,November,N,Final,4771000,4465400,305600,0.064
County,Los Angeles County,11/01/2001,2001,November,Y,Final,4746100,4434900,311200,0.066
County,Los Angeles County,10/01/2001,2001,October,N,Final,4751100,4449300,301800,0.064
County,Los Angeles County,10/01/2001,2001,October,Y,Final,4737900,4436800,301000,0.064
County,Los Angeles County,09/01/2001,2001,September,N,Final,4733700,4445900,287800,0.061
County,Los Angeles County,09/01/2001,2001,September,Y,Final,4728000,4438400,289600,0.061
County,Los Angeles County,08/01/2001,2001,August,N,Final,4707200,4408900,298200,0.063
County,Los Angeles County,08/01/2001,2001,August,Y,Final,4719900,4441800,278100,0.059
County,Los Angeles County,07/01/2001,2001,July,N,Final,4722400,4432800,289600,0.061
County,Los Angeles County,07/01/2001,2001,July,Y,Final,4715500,4447900,267600,0.057
County,Los Angeles County,06/01/2001,2001,June,N,Final,4680400,4418400,262000,0.056
County,Los Angeles County,06/01/2001,2001,June,Y,Final,4716100,4457000,259100,0.055
County,Los Angeles County,05/01/2001,2001,May,N,Final,4682900,4451200,231700,0.049
County,Los Angeles County,05/01/2001,2001,May,Y,Final,4721300,4468800,252500,0.053
County,Los Angeles County,04/01/2001,2001,April,N,Final,4730600,4493400,237100,0.05
County,Los Angeles County,04/01/2001,2001,April,Y,Final,4727600,4480000,247600,0.052
County,Los Angeles County,03/01/2001,2001,March,N,Final,4757900,4514100,243800,0.051
County,Los Angeles County,03/01/2001,2001,March,Y,Final,4731100,4487100,244000,0.052
County,Los Angeles County,02/01/2001,2001,February,N,Final,4741300,4504000,237300,0.05
County,Los Angeles County,02/01/2001,2001,February,Y,Final,4728700,4487700,241000,0.051
County,Los Angeles County,01/01/2001,2001,January,N,Final,4713200,4459600,253600,0.054
County,Los Angeles County,01/01/2001,2001,January,Y,Final,4720500,4481500,239000,0.051
County,Los Angeles County,12/01/2000,2000,December,N,Final,4719600,4501400,218200,0.046
County,Los Angeles County,12/01/2000,2000,December,Y,Final,4707700,4469400,238400,0.051
County,Los Angeles County,11/01/2000,2000,November,N,Final,4704100,4472700,231400,0.049
County,Los Angeles County,11/01/2000,2000,November,Y,Final,4693900,4454600,239300,0.051
County,Los Angeles County,10/01/2000,2000,October,N,Final,4681000,4443800,237200,0.051
County,Los Angeles County,10/01/2000,2000,October,Y,Final,4682600,4440700,241900,0.052
County,Los Angeles County,09/01/2000,2000,September,N,Final,4683300,4432500,250800,0.054
County,Los Angeles County,09/01/2000,2000,September,Y,Final,4675600,4429600,246000,0.053
County,Los Angeles County,08/01/2000,2000,August,N,Final,4673400,4400000,273400,0.059
County,Los Angeles County,08/01/2000,2000,August,Y,Final,4671500,4421200,250300,0.054
County,Los Angeles County,07/01/2000,2000,July,N,Final,4667600,4389100,278400,0.06
County,Los Angeles County,07/01/2000,2000,July,Y,Final,4668200,4413900,254200,0.054
County,Los Angeles County,06/01/2000,2000,June,N,Final,4660500,4405100,255500,0.055
County,Los Angeles County,06/01/2000,2000,June,Y,Final,4664400,4407200,257300,0.055
County,Los Angeles County,05/01/2000,2000,May,N,Final,4627400,4377900,249500,0.054
County,Los Angeles County,05/01/2000,2000,May,Y,Final,4659400,4400500,258900,0.056
County,Los Angeles County,04/01/2000,2000,April,N,Final,4644000,4404400,239700,0.052
County,Los Angeles County,04/01/2000,2000,April,Y,Final,4653100,4393600,259500,0.056
County,Los Angeles County,03/01/2000,2000,March,N,Final,4641600,4385200,256400,0.055
County,Los Angeles County,03/01/2000,2000,March,Y,Final,4645900,4386300,259700,0.056
County,Los Angeles County,02/01/2000,2000,February,N,Final,4652600,4388800,263800,0.057
County,Los Angeles County,02/01/2000,2000,February,Y,Final,4638500,4378300,260200,0.056
County,Los Angeles County,01/01/2000,2000,January,N,Final,4626800,4357600,269200,0.058
County,Los Angeles County,01/01/2000,2000,January,Y,Final,4630700,4369500,261200,0.056
County,Los Angeles County,12/01/1999,1999,December,N,Final,4634200,4390500,243700,0.053
County,Los Angeles County,12/01/1999,1999,December,Y,Final,4623100,4360500,262700,0.057
County,Los Angeles County,11/01/1999,1999,November,N,Final,4624500,4367400,257100,0.056
County,Los Angeles County,11/01/1999,1999,November,Y,Final,4616000,4351300,264700,0.057
County,Los Angeles County,10/01/1999,1999,October,N,Final,4611800,4346300,265400,0.058
County,Los Angeles County,10/01/1999,1999,October,Y,Final,4608100,4341800,266400,0.058
County,Los Angeles County,09/01/1999,1999,September,N,Final,4613200,4334300,278900,0.06
County,Los Angeles County,09/01/1999,1999,September,Y,Final,4599600,4332500,267100,0.058
County,Los Angeles County,08/01/1999,1999,August,N,Final,4590600,4310200,280400,0.061
County,Los Angeles County,08/01/1999,1999,August,Y,Final,4590300,4323000,267300,0.058
County,Los Angeles County,07/01/1999,1999,July,N,Final,4612500,4315700,296800,0.064
County,Los Angeles County,07/01/1999,1999,July,Y,Final,4580300,4313200,267100,0.058
County,Los Angeles County,06/01/1999,1999,June,N,Final,4541400,4274600,266800,0.059
County,Los Angeles County,06/01/1999,1999,June,Y,Final,4569300,4302000,267300,0.059
County,Los Angeles County,05/01/1999,1999,May,N,Final,4529700,4286500,243200,0.054
County,Los Angeles County,05/01/1999,1999,May,Y,Final,4557700,4289000,268700,0.059
County,Los Angeles County,04/01/1999,1999,April,N,Final,4525100,4264200,260800,0.058
County,Los Angeles County,04/01/1999,1999,April,Y,Final,4548000,4276700,271300,0.06
County,Los Angeles County,03/01/1999,1999,March,N,Final,4551100,4280700,270400,0.059
County,Los Angeles County,03/01/1999,1999,March,Y,Final,4542600,4267300,275300,0.061
County,Los Angeles County,02/01/1999,1999,February,N,Final,4547300,4260200,287100,0.063
County,Los Angeles County,02/01/1999,1999,February,Y,Final,4542900,4262100,280700,0.062
County,Los Angeles County,01/01/1999,1999,January,N,Final,4527600,4231500,296100,0.065
County,Los Angeles County,01/01/1999,1999,January,Y,Final,4548000,4260900,287100,0.063
County,Los Angeles County,12/01/1998,1998,December,N,Final,4555100,4283500,271600,0.06
County,Los Angeles County,12/01/1998,1998,December,Y,Final,4555400,4262000,293500,0.064
County,Los Angeles County,11/01/1998,1998,November,N,Final,4589500,4300300,289300,0.063
County,Los Angeles County,11/01/1998,1998,November,Y,Final,4561900,4263200,298700,0.065
County,Los Angeles County,10/01/1998,1998,October,N,Final,4573300,4266600,306700,0.067
County,Los Angeles County,10/01/1998,1998,October,Y,Final,4565200,4262700,302500,0.066
County,Los Angeles County,09/01/1998,1998,September,N,Final,4590200,4274800,315500,0.069
County,Los Angeles County,09/01/1998,1998,September,Y,Final,4563900,4260000,304000,0.067
County,Los Angeles County,08/01/1998,1998,August,N,Final,4559100,4242500,316600,0.069
County,Los Angeles County,08/01/1998,1998,August,Y,Final,4558900,4255700,303200,0.066
County,Los Angeles County,07/01/1998,1998,July,N,Final,4580800,4254600,326200,0.071
County,Los Angeles County,07/01/1998,1998,July,Y,Final,4552100,4251100,301000,0.066
County,Los Angeles County,06/01/1998,1998,June,N,Final,4512000,4213900,298100,0.066
County,Los Angeles County,06/01/1998,1998,June,Y,Final,4545300,4247300,297900,0.066
County,Los Angeles County,05/01/1998,1998,May,N,Final,4512900,4236200,276700,0.061
County,Los Angeles County,05/01/1998,1998,May,Y,Final,4540000,4244900,295100,0.065
County,Los Angeles County,04/01/1998,1998,April,N,Final,4506800,4235500,271300,0.06
County,Los Angeles County,04/01/1998,1998,April,Y,Final,4535800,4242800,293000,0.065
County,Los Angeles County,03/01/1998,1998,March,N,Final,4553100,4252600,300500,0.066
County,Los Angeles County,03/01/1998,1998,March,Y,Final,4530200,4238900,291300,0.064
County,Los Angeles County,02/01/1998,1998,February,N,Final,4522600,4233000,289500,0.064
County,Los Angeles County,02/01/1998,1998,February,Y,Final,4521200,4231800,289400,0.064
County,Los Angeles County,01/01/1998,1998,January,N,Final,4487100,4188700,298500,0.067
County,Los Angeles County,01/01/1998,1998,January,Y,Final,4508900,4220800,288100,0.064
County,Los Angeles County,12/01/1997,1997,December,N,Final,4510100,4237600,272400,0.06
County,Los Angeles County,12/01/1997,1997,December,Y,Final,4495400,4207800,287500,0.064
County,Los Angeles County,11/01/1997,1997,November,N,Final,4481100,4207800,273300,0.061
County,Los Angeles County,11/01/1997,1997,November,Y,Final,4481800,4193800,288000,0.064
County,Los Angeles County,10/01/1997,1997,October,N,Final,4470600,4186900,283600,0.063
County,Los Angeles County,10/01/1997,1997,October,Y,Final,4469600,4179900,289700,0.065
County,Los Angeles County,09/01/1997,1997,September,N,Final,4476600,4172200,304400,0.068
County,Los Angeles County,09/01/1997,1997,September,Y,Final,4459300,4166500,292800,0.066
County,Los Angeles County,08/01/1997,1997,August,N,Final,4481000,4168400,312600,0.07
County,Los Angeles County,08/01/1997,1997,August,Y,Final,4450600,4154100,296600,0.067
County,Los Angeles County,07/01/1997,1997,July,N,Final,4472200,4146600,325600,0.073
County,Los Angeles County,07/01/1997,1997,July,Y,Final,4442000,4141400,300600,0.068
County,Los Angeles County,06/01/1997,1997,June,N,Final,4398300,4091100,307200,0.07
County,Los Angeles County,06/01/1997,1997,June,Y,Final,4432300,4127200,305100,0.069
County,Los Angeles County,05/01/1997,1997,May,N,Final,4397100,4105800,291300,0.066
County,Los Angeles County,05/01/1997,1997,May,Y,Final,4420700,4110700,309900,0.07
County,Los Angeles County,04/01/1997,1997,April,N,Final,4391700,4092600,299200,0.068
County,Los Angeles County,04/01/1997,1997,April,Y,Final,4407500,4092400,315100,0.071
County,Los Angeles County,03/01/1997,1997,March,N,Final,4404500,4083100,321400,0.073
County,Los Angeles County,03/01/1997,1997,March,Y,Final,4395200,4074300,320900,0.073
County,Los Angeles County,02/01/1997,1997,February,N,Final,4374100,4043800,330300,0.076
County,Los Angeles County,02/01/1997,1997,February,Y,Final,4385300,4058500,326800,0.075
County,Los Angeles County,01/01/1997,1997,January,N,Final,4352200,4004700,347600,0.08
County,Los Angeles County,01/01/1997,1997,January,Y,Final,4377200,4046000,331300,0.076
County,Los Angeles County,12/01/1996,1996,December,N,Final,4361400,4049400,312100,0.072
County,Los Angeles County,12/01/1996,1996,December,Y,Final,4370200,4035800,334300,0.076
County,Los Angeles County,11/01/1996,1996,November,N,Final,4380500,4048500,332000,0.076
County,Los Angeles County,11/01/1996,1996,November,Y,Final,4363500,4027200,336200,0.077
County,Los Angeles County,10/01/1996,1996,October,N,Final,4377000,4043800,333200,0.076
County,Los Angeles County,10/01/1996,1996,October,Y,Final,4356500,4018700,337800,0.078
County,Los Angeles County,09/01/1996,1996,September,N,Final,4371700,4031000,340700,0.078
County,Los Angeles County,09/01/1996,1996,September,Y,Final,4348200,4007800,340400,0.078
County,Los Angeles County,08/01/1996,1996,August,N,Final,4348200,3998600,349700,0.08
County,Los Angeles County,08/01/1996,1996,August,Y,Final,4338300,3993600,344700,0.079
County,Los Angeles County,07/01/1996,1996,July,N,Final,4364900,3976700,388200,0.089
County,Los Angeles County,07/01/1996,1996,July,Y,Final,4327900,3977500,350400,0.081
County,Los Angeles County,06/01/1996,1996,June,N,Final,4287400,3938100,349300,0.081
County,Los Angeles County,06/01/1996,1996,June,Y,Final,4318300,3961700,356600,0.083
County,Los Angeles County,05/01/1996,1996,May,N,Final,4298000,3943400,354500,0.082
County,Los Angeles County,05/01/1996,1996,May,Y,Final,4310500,3948300,362300,0.084
County,Los Angeles County,04/01/1996,1996,April,N,Final,4279200,3924400,354800,0.083
County,Los Angeles County,04/01/1996,1996,April,Y,Final,4305200,3939000,366200,0.085
County,Los Angeles County,03/01/1996,1996,March,N,Final,4304300,3938400,365900,0.085
County,Los Angeles County,03/01/1996,1996,March,Y,Final,4302200,3934400,367700,0.085
County,Los Angeles County,02/01/1996,1996,February,N,Final,4296300,3926900,369400,0.086
County,Los Angeles County,02/01/1996,1996,February,Y,Final,4301700,3934300,367300,0.085
County,Los Angeles County,01/01/1996,1996,January,N,Final,4271500,3885800,385700,0.09
County,Los Angeles County,01/01/1996,1996,January,Y,Final,4302700,3936900,365900,0.085
County,Los Angeles County,12/01/1995,1995,December,N,Final,4301400,3963600,337700,0.079
County,Los Angeles County,12/01/1995,1995,December,Y,Final,4303800,3939800,363900,0.085
County,Los Angeles County,11/01/1995,1995,November,N,Final,4310500,3957800,352700,0.082
County,Los Angeles County,11/01/1995,1995,November,Y,Final,4303500,3941800,361700,0.084
County,Los Angeles County,10/01/1995,1995,October,N,Final,4328000,3977700,350300,0.081
County,Los Angeles County,10/01/1995,1995,October,Y,Final,4301100,3941900,359200,0.084
County,Los Angeles County,09/01/1995,1995,September,N,Final,4315400,3953800,361500,0.084
County,Los Angeles County,09/01/1995,1995,September,Y,Final,4296800,3940600,356300,0.083
County,Los Angeles County,08/01/1995,1995,August,N,Final,4303900,3936000,367800,0.085
County,Los Angeles County,08/01/1995,1995,August,Y,Final,4291700,3938300,353400,0.082
County,Los Angeles County,07/01/1995,1995,July,N,Final,4319200,3937700,381400,0.088
County,Los Angeles County,07/01/1995,1995,July,Y,Final,4286500,3936300,350200,0.082
County,Los Angeles County,06/01/1995,1995,June,N,Final,4269300,3925800,343500,0.08
County,Los Angeles County,06/01/1995,1995,June,Y,Final,4282300,3935900,346500,0.081
County,Los Angeles County,05/01/1995,1995,May,N,Final,4257400,3929200,328100,0.077
County,Los Angeles County,05/01/1995,1995,May,Y,Final,4279200,3936700,342500,0.08
County,Los Angeles County,04/01/1995,1995,April,N,Final,4270000,3933900,336100,0.079
County,Los Angeles County,04/01/1995,1995,April,Y,Final,4277200,3938000,339200,0.079
County,Los Angeles County,03/01/1995,1995,March,N,Final,4260000,3929700,330300,0.078
County,Los Angeles County,03/01/1995,1995,March,Y,Final,4276800,3939400,337500,0.079
County,Los Angeles County,02/01/1995,1995,February,N,Final,4278900,3940500,338300,0.079
County,Los Angeles County,02/01/1995,1995,February,Y,Final,4278300,3940100,338200,0.079
County,Los Angeles County,01/01/1995,1995,January,N,Final,4248000,3886300,361700,0.085
County,Los Angeles County,01/01/1995,1995,January,Y,Final,4281500,3939400,342100,0.08
County,Los Angeles County,12/01/1994,1994,December,N,Final,4272700,3949300,323400,0.076
County,Los Angeles County,12/01/1994,1994,December,Y,Final,4285700,3936500,349200,0.081
County,Los Angeles County,11/01/1994,1994,November,N,Final,4299300,3953800,345500,0.08
County,Los Angeles County,11/01/1994,1994,November,Y,Final,4288900,3929900,359000,0.084
County,Los Angeles County,10/01/1994,1994,October,N,Final,4319100,3955100,364100,0.084
County,Los Angeles County,10/01/1994,1994,October,Y,Final,4290400,3920700,369700,0.086
County,Los Angeles County,09/01/1994,1994,September,N,Final,4298600,3916400,382200,0.089
County,Los Angeles County,09/01/1994,1994,September,Y,Final,4290200,3910600,379600,0.088
County,Los Angeles County,08/01/1994,1994,August,N,Final,4311000,3902900,408100,0.095
County,Los Angeles County,08/01/1994,1994,August,Y,Final,4289100,3900900,388200,0.091
County,Los Angeles County,07/01/1994,1994,July,N,Final,4320300,3894700,425600,0.099
County,Los Angeles County,07/01/1994,1994,July,Y,Final,4288500,3892600,395900,0.092
County,Los Angeles County,06/01/1994,1994,June,N,Final,4280500,3878200,402300,0.094
County,Los Angeles County,06/01/1994,1994,June,Y,Final,4289900,3886800,403100,0.094
County,Los Angeles County,05/01/1994,1994,May,N,Final,4281200,3892800,388400,0.091
County,Los Angeles County,05/01/1994,1994,May,Y,Final,4294300,3884400,410000,0.095
County,Los Angeles County,04/01/1994,1994,April,N,Final,4278400,3870800,407700,0.095
County,Los Angeles County,04/01/1994,1994,April,Y,Final,4299900,3884000,415900,0.097
County,Los Angeles County,03/01/1994,1994,March,N,Final,4290200,3868900,421300,0.098
County,Los Angeles County,03/01/1994,1994,March,Y,Final,4303100,3882500,420600,0.098
County,Los Angeles County,02/01/1994,1994,February,N,Final,4307100,3873200,433900,0.101
County,Los Angeles County,02/01/1994,1994,February,Y,Final,4302400,3878300,424100,0.099
County,Los Angeles County,01/01/1994,1994,January,N,Final,4288000,3840200,447800,0.104
County,Los Angeles County,01/01/1994,1994,January,Y,Final,4299200,3873400,425900,0.099
County,Los Angeles County,12/01/1993,1993,December,N,Final,4284800,3890900,393900,0.092
County,Los Angeles County,12/01/1993,1993,December,Y,Final,4297100,3871200,425800,0.099
County,Los Angeles County,11/01/1993,1993,November,N,Final,4280800,3872100,408700,0.095
County,Los Angeles County,11/01/1993,1993,November,Y,Final,4298900,3873900,425000,0.099
County,Los Angeles County,10/01/1993,1993,October,N,Final,4305900,3880300,425500,0.099
County,Los Angeles County,10/01/1993,1993,October,Y,Final,4306300,3881800,424500,0.099
County,Los Angeles County,09/01/1993,1993,September,N,Final,4327300,3901100,426200,0.098
County,Los Angeles County,09/01/1993,1993,September,Y,Final,4318700,3893500,425200,0.098
County,Los Angeles County,08/01/1993,1993,August,N,Final,4375900,3940500,435400,0.099
County,Los Angeles County,08/01/1993,1993,August,Y,Final,4334200,3907400,426800,0.098
County,Los Angeles County,07/01/1993,1993,July,N,Final,4400300,3942800,457500,0.104
County,Los Angeles County,07/01/1993,1993,July,Y,Final,4350100,3920400,429700,0.099
County,Los Angeles County,06/01/1993,1993,June,N,Final,4361200,3921600,439500,0.101
County,Los Angeles County,06/01/1993,1993,June,Y,Final,4363000,3929500,433500,0.099
County,Los Angeles County,05/01/1993,1993,May,N,Final,4353000,3928500,424500,0.098
County,Los Angeles County,05/01/1993,1993,May,Y,Final,4371500,3933500,437900,0.1
County,Los Angeles County,04/01/1993,1993,April,N,Final,4352000,3924000,428100,0.098
County,Los Angeles County,04/01/1993,1993,April,Y,Final,4377800,3934600,443300,0.101
County,Los Angeles County,03/01/1993,1993,March,N,Final,4374400,3929300,445100,0.102
County,Los Angeles County,03/01/1993,1993,March,Y,Final,4384300,3936000,448300,0.102
County,Los Angeles County,02/01/1993,1993,February,N,Final,4394100,3928200,466000,0.106
County,Los Angeles County,02/01/1993,1993,February,Y,Final,4391900,3939900,452000,0.103
County,Los Angeles County,01/01/1993,1993,January,N,Final,4365400,3899500,465900,0.107
County,Los Angeles County,01/01/1993,1993,January,Y,Final,4401000,3946400,454600,0.103
County,Los Angeles County,12/01/1992,1992,December,N,Final,4403200,3966200,437000,0.099
County,Los Angeles County,12/01/1992,1992,December,Y,Final,4411000,3955000,456000,0.103
County,Los Angeles County,11/01/1992,1992,November,N,Final,4425300,3977400,447800,0.101
County,Los Angeles County,11/01/1992,1992,November,Y,Final,4422000,3965300,456700,0.103
County,Los Angeles County,10/01/1992,1992,October,N,Final,4430900,3992900,438100,0.099
County,Los Angeles County,10/01/1992,1992,October,Y,Final,4433100,3976000,457100,0.103
County,Los Angeles County,09/01/1992,1992,September,N,Final,4449500,3987500,462000,0.104
County,Los Angeles County,09/01/1992,1992,September,Y,Final,4443100,3986600,456600,0.103
County,Los Angeles County,08/01/1992,1992,August,N,Final,4488500,4021000,467500,0.104
County,Los Angeles County,08/01/1992,1992,August,Y,Final,4450900,3996900,453900,0.102
County,Los Angeles County,07/01/1992,1992,July,N,Final,4499400,4020600,478900,0.106
County,Los Angeles County,07/01/1992,1992,July,Y,Final,4454700,4006000,448700,0.101
County,Los Angeles County,06/01/1992,1992,June,N,Final,4467700,4012100,455600,0.102
County,Los Angeles County,06/01/1992,1992,June,Y,Final,4455100,4013700,441400,0.099
County,Los Angeles County,05/01/1992,1992,May,N,Final,4428500,4008800,419700,0.095
County,Los Angeles County,05/01/1992,1992,May,Y,Final,4453600,4020800,432900,0.097
County,Los Angeles County,04/01/1992,1992,April,N,Final,4433900,4039000,394900,0.089
County,Los Angeles County,04/01/1992,1992,April,Y,Final,4451700,4028000,423700,0.095
County,Los Angeles County,03/01/1992,1992,March,N,Final,4430000,4019400,410600,0.093
County,Los Angeles County,03/01/1992,1992,March,Y,Final,4451600,4036800,414800,0.093
County,Los Angeles County,02/01/1992,1992,February,N,Final,4448400,4025900,422600,0.095
County,Los Angeles County,02/01/1992,1992,February,Y,Final,4455000,4048100,406900,0.091
County,Los Angeles County,01/01/1992,1992,January,N,Final,4441000,4024300,416700,0.094
County,Los Angeles County,01/01/1992,1992,January,Y,Final,4460700,4060900,399800,0.09
County,Los Angeles County,12/01/1991,1991,December,N,Final,4453000,4080800,372300,0.084
County,Los Angeles County,12/01/1991,1991,December,Y,Final,4465900,4073200,392700,0.088
County,Los Angeles County,11/01/1991,1991,November,N,Final,4468100,4097700,370400,0.083
County,Los Angeles County,11/01/1991,1991,November,Y,Final,4468700,4083600,385200,0.086
County,Los Angeles County,10/01/1991,1991,October,N,Final,4485300,4116600,368800,0.082
County,Los Angeles County,10/01/1991,1991,October,Y,Final,4467600,4090000,377600,0.085
County,Los Angeles County,09/01/1991,1991,September,N,Final,4468400,4092500,376000,0.084
County,Los Angeles County,09/01/1991,1991,September,Y,Final,4462400,4091400,371000,0.083
County,Los Angeles County,08/01/1991,1991,August,N,Final,4472900,4097300,375600,0.084
County,Los Angeles County,08/01/1991,1991,August,Y,Final,4454800,4088900,365900,0.082
County,Los Angeles County,07/01/1991,1991,July,N,Final,4493000,4107200,385800,0.086
County,Los Angeles County,07/01/1991,1991,July,Y,Final,4447800,4086100,361700,0.081
County,Los Angeles County,06/01/1991,1991,June,N,Final,4452100,4088700,363400,0.082
County,Los Angeles County,06/01/1991,1991,June,Y,Final,4442200,4084700,357400,0.08
County,Los Angeles County,05/01/1991,1991,May,N,Final,4408700,4061800,346900,0.079
County,Los Angeles County,05/01/1991,1991,May,Y,Final,4438200,4086200,352000,0.079
County,Los Angeles County,04/01/1991,1991,April,N,Final,4419700,4094100,325600,0.074
County,Los Angeles County,04/01/1991,1991,April,Y,Final,4436300,4091300,345000,0.078
County,Los Angeles County,03/01/1991,1991,March,N,Final,4433200,4097400,335800,0.076
County,Los Angeles County,03/01/1991,1991,March,Y,Final,4435800,4099300,336500,0.076
County,Los Angeles County,02/01/1991,1991,February,N,Final,4438100,4100200,338000,0.076
County,Los Angeles County,02/01/1991,1991,February,Y,Final,4435900,4109300,326600,0.074
County,Los Angeles County,01/01/1991,1991,January,N,Final,4397500,4076400,321100,0.073
County,Los Angeles County,01/01/1991,1991,January,Y,Final,4438000,4121700,316300,0.071
County,Los Angeles County,12/01/1990,1990,December,N,Final,4444100,4154800,289300,0.065
County,Los Angeles County,12/01/1990,1990,December,Y,Final,4443400,4137000,306400,0.069
County,Los Angeles County,11/01/1990,1990,November,N,Final,4446100,4158700,287400,0.065
County,Los Angeles County,11/01/1990,1990,November,Y,Final,4452000,4155400,296500,0.067
County,Los Angeles County,10/01/1990,1990,October,N,Final,4468900,4191600,277200,0.062
County,Los Angeles County,10/01/1990,1990,October,Y,Final,4464300,4178200,286000,0.064
County,Los Angeles County,09/01/1990,1990,September,N,Final,4473100,4189400,283700,0.063
County,Los Angeles County,09/01/1990,1990,September,Y,Final,4479900,4204300,275700,0.062
County,Los Angeles County,08/01/1990,1990,August,N,Final,4535000,4252600,282500,0.062
County,Los Angeles County,08/01/1990,1990,August,Y,Final,4496800,4230200,266600,0.059
County,Los Angeles County,07/01/1990,1990,July,N,Final,4551700,4269900,281800,0.062
County,Los Angeles County,07/01/1990,1990,July,Y,Final,4512500,4253100,259400,0.057
County,Los Angeles County,06/01/1990,1990,June,N,Final,4528200,4283600,244600,0.054
County,Los Angeles County,06/01/1990,1990,June,Y,Final,4526300,4271700,254600,0.056
County,Los Angeles County,05/01/1990,1990,May,N,Final,4529500,4283700,245800,0.054
County,Los Angeles County,05/01/1990,1990,May,Y,Final,4536400,4284000,252400,0.056
County,Los Angeles County,04/01/1990,1990,April,N,Final,4513600,4265500,248100,0.055
County,Los Angeles County,04/01/1990,1990,April,Y,Final,4540200,4288100,252100,0.056
County,Los Angeles County,03/01/1990,1990,March,N,Final,4531700,4286100,245600,0.054
County,Los Angeles County,03/01/1990,1990,March,Y,Final,4537600,4284900,252700,0.056
County,Los Angeles County,02/01/1990,1990,February,N,Final,4525600,4270300,255300,0.056
County,Los Angeles County,02/01/1990,1990,February,Y,Final,4529600,4276300,253300,0.056
County,Los Angeles County,01/01/1990,1990,January,N,Final,4514400,4247700,266700,0.059
County,Los Angeles County,01/01/1990,1990,January,Y,Final,4516900,4264000,252800,0.056
County,Los Angeles County,12/01/1989,1989,December,N,Final,4467149,4234968,232181,0.052
County,Los Angeles County,12/01/1989,1989,December,Y,Final,4500856,4249659,251197,0.056
County,Los Angeles County,11/01/1989,1989,November,N,Final,4489726,4246001,243725,0.054
County,Los Angeles County,11/01/1989,1989,November,Y,Final,4484186,4234697,249489,0.056
County,Los Angeles County,10/01/1989,1989,October,N,Final,4484862,4244826,240036,0.054
County,Los Angeles County,10/01/1989,1989,October,Y,Final,4468108,4219936,248172,0.056
County,Los Angeles County,09/01/1989,1989,September,N,Final,4446514,4195557,250957,0.056
County,Los Angeles County,09/01/1989,1989,September,Y,Final,4453427,4206510,246917,0.055
County,Los Angeles County,08/01/1989,1989,August,N,Final,4457919,4204302,253617,0.057
County,Los Angeles County,08/01/1989,1989,August,Y,Final,4440625,4195287,245338,0.055
County,Los Angeles County,07/01/1989,1989,July,N,Final,4478991,4207173,271818,0.061
County,Los Angeles County,07/01/1989,1989,July,Y,Final,4428901,4185930,242971,0.055
County,Los Angeles County,06/01/1989,1989,June,N,Final,4420715,4174953,245762,0.056
County,Los Angeles County,06/01/1989,1989,June,Y,Final,4417299,4177819,239480,0.054
County,Los Angeles County,05/01/1989,1989,May,N,Final,4388835,4163006,225829,0.051
County,Los Angeles County,05/01/1989,1989,May,Y,Final,4406031,4171026,235005,0.053
County,Los Angeles County,04/01/1989,1989,April,N,Final,4373729,4151274,222455,0.051
County,Los Angeles County,04/01/1989,1989,April,Y,Final,4396585,4166261,230324,0.052
County,Los Angeles County,03/01/1989,1989,March,N,Final,4375362,4164951,210411,0.048
County,Los Angeles County,03/01/1989,1989,March,Y,Final,4388126,4161841,226285,0.052
County,Los Angeles County,02/01/1989,1989,February,N,Final,4370795,4147697,223098,0.051
County,Los Angeles County,02/01/1989,1989,February,Y,Final,4379579,4156287,223292,0.051
County,Los Angeles County,01/01/1989,1989,January,N,Final,4355152,4118287,236865,0.054
County,Los Angeles County,01/01/1989,1989,January,Y,Final,4370849,4149193,221656,0.051
County,Los Angeles County,12/01/1988,1988,December,N,Final,4358577,4154683,203894,0.047
County,Los Angeles County,12/01/1988,1988,December,Y,Final,4361927,4140489,221438,0.051
County,Los Angeles County,11/01/1988,1988,November,N,Final,4365416,4148869,216547,0.05
County,Los Angeles County,11/01/1988,1988,November,Y,Final,4352272,4130486,221786,0.051
County,Los Angeles County,10/01/1988,1988,October,N,Final,4345474,4130105,215369,0.05
County,Los Angeles County,10/01/1988,1988,October,Y,Final,4341941,4119797,222144,0.051
County,Los Angeles County,09/01/1988,1988,September,N,Final,4322211,4100343,221868,0.051
County,Los Angeles County,09/01/1988,1988,September,Y,Final,4331857,4109948,221909,0.051
County,Los Angeles County,08/01/1988,1988,August,N,Final,4355178,4116092,239086,0.055
County,Los Angeles County,08/01/1988,1988,August,Y,Final,4323244,4102443,220801,0.051
County,Los Angeles County,07/01/1988,1988,July,N,Final,4362315,4113575,248740,0.057
County,Los Angeles County,07/01/1988,1988,July,Y,Final,4317427,4097858,219569,0.051
County,Los Angeles County,06/01/1988,1988,June,N,Final,4306099,4088236,217863,0.051
County,Los Angeles County,06/01/1988,1988,June,Y,Final,4314894,4096132,218762,0.051
County,Los Angeles County,05/01/1988,1988,May,N,Final,4293221,4080819,212402,0.049
County,Los Angeles County,05/01/1988,1988,May,Y,Final,4314788,4096195,218593,0.051
County,Los Angeles County,04/01/1988,1988,April,N,Final,4293439,4094542,198897,0.046
County,Los Angeles County,04/01/1988,1988,April,Y,Final,4315582,4096423,219159,0.051
County,Los Angeles County,03/01/1988,1988,March,N,Final,4305259,4092191,213068,0.049
County,Los Angeles County,03/01/1988,1988,March,Y,Final,4316019,4095279,220740,0.051
County,Los Angeles County,02/01/1988,1988,February,N,Final,4312918,4081577,231341,0.054
County,Los Angeles County,02/01/1988,1988,February,Y,Final,4314536,4091062,223474,0.052
County,Los Angeles County,01/01/1988,1988,January,N,Final,4294279,4054852,239427,0.056
County,Los Angeles County,01/01/1988,1988,January,Y,Final,4309316,4082484,226832,0.053
County,Los Angeles County,12/01/1987,1987,December,N,Final,4293214,4087372,205842,0.048
County,Los Angeles County,12/01/1987,1987,December,Y,Final,4299807,4069871,229936,0.053
County,Los Angeles County,11/01/1987,1987,November,N,Final,4297315,4073772,223543,0.052
County,Los Angeles County,11/01/1987,1987,November,Y,Final,4286917,4054571,232346,0.054
County,Los Angeles County,10/01/1987,1987,October,N,Final,4287731,4051960,235771,0.055
County,Los Angeles County,10/01/1987,1987,October,Y,Final,4272920,4038724,234196,0.055
County,Los Angeles County,09/01/1987,1987,September,N,Final,4250683,4009812,240871,0.057
County,Los Angeles County,09/01/1987,1987,September,Y,Final,4259351,4023234,236117,0.055
County,Los Angeles County,08/01/1987,1987,August,N,Final,4272214,4020177,252037,0.059
County,Los Angeles County,08/01/1987,1987,August,Y,Final,4246756,4007735,239021,0.056
County,Los Angeles County,07/01/1987,1987,July,N,Final,4278071,4010080,267991,0.063
County,Los Angeles County,07/01/1987,1987,July,Y,Final,4235204,3992079,243125,0.057
County,Los Angeles County,06/01/1987,1987,June,N,Final,4218295,3971961,246334,0.058
County,Los Angeles County,06/01/1987,1987,June,Y,Final,4223794,3975586,248208,0.059
County,Los Angeles County,05/01/1987,1987,May,N,Final,4205277,3958581,246696,0.059
County,Los Angeles County,05/01/1987,1987,May,Y,Final,4211494,3957778,253716,0.06
County,Los Angeles County,04/01/1987,1987,April,N,Final,4164236,3917228,247008,0.059
County,Los Angeles County,04/01/1987,1987,April,Y,Final,4198491,3939186,259305,0.062
County,Los Angeles County,03/01/1987,1987,March,N,Final,4175469,3915059,260410,0.062
County,Los Angeles County,03/01/1987,1987,March,Y,Final,4185893,3921630,264263,0.063
County,Los Angeles County,02/01/1987,1987,February,N,Final,4163837,3891002,272835,0.066
County,Los Angeles County,02/01/1987,1987,February,Y,Final,4175374,3907087,268287,0.064
County,Los Angeles County,01/01/1987,1987,January,N,Final,4141637,3864516,277121,0.067
County,Los Angeles County,01/01/1987,1987,January,Y,Final,4167682,3896180,271502,0.065
County,Los Angeles County,12/01/1986,1986,December,N,Final,4152547,3902509,250038,0.06
County,Los Angeles County,12/01/1986,1986,December,Y,Final,4162025,3888059,273966,0.066
County,Los Angeles County,11/01/1986,1986,November,N,Final,4176881,3905339,271542,0.065
County,Los Angeles County,11/01/1986,1986,November,Y,Final,4157760,3881738,276022,0.066
County,Los Angeles County,10/01/1986,1986,October,N,Final,4172184,3898313,273871,0.066
County,Los Angeles County,10/01/1986,1986,October,Y,Final,4153432,3875726,277706,0.067
County,Los Angeles County,09/01/1986,1986,September,N,Final,4155763,3867368,288395,0.069
County,Los Angeles County,09/01/1986,1986,September,Y,Final,4147144,3868482,278662,0.067
County,Los Angeles County,08/01/1986,1986,August,N,Final,4156926,3867807,289119,0.07
County,Los Angeles County,08/01/1986,1986,August,Y,Final,4138214,3859675,278539,0.067
County,Los Angeles County,07/01/1986,1986,July,N,Final,4168907,3863491,305416,0.073
County,Los Angeles County,07/01/1986,1986,July,Y,Final,4126209,3848518,277691,0.067
County,Los Angeles County,06/01/1986,1986,June,N,Final,4119587,3838059,281528,0.068
County,Los Angeles County,06/01/1986,1986,June,Y,Final,4111866,3835451,276415,0.067
County,Los Angeles County,05/01/1986,1986,May,N,Final,4069896,3808346,261550,0.064
County,Los Angeles County,05/01/1986,1986,May,Y,Final,4096367,3821713,274654,0.067
County,Los Angeles County,04/01/1986,1986,April,N,Final,4045404,3787934,257470,0.064
County,Los Angeles County,04/01/1986,1986,April,Y,Final,4079562,3807331,272231,0.067
County,Los Angeles County,03/01/1986,1986,March,N,Final,4051753,3787132,264621,0.065
County,Los Angeles County,03/01/1986,1986,March,Y,Final,4062308,3792807,269501,0.066
County,Los Angeles County,02/01/1986,1986,February,N,Final,4030789,3751388,279401,0.069
County,Los Angeles County,02/01/1986,1986,February,Y,Final,4046908,3779623,267285,0.066
County,Los Angeles County,01/01/1986,1986,January,N,Final,4015177,3750083,265094,0.066
County,Los Angeles County,01/01/1986,1986,January,Y,Final,4034239,3768265,265974,0.066
County,Los Angeles County,12/01/1985,1985,December,N,Final,4018431,3774969,243462,0.061
County,Los Angeles County,12/01/1985,1985,December,Y,Final,4024208,3758194,266014,0.066
County,Los Angeles County,11/01/1985,1985,November,N,Final,4012390,3754990,257400,0.064
County,Los Angeles County,11/01/1985,1985,November,Y,Final,4015331,3747817,267514,0.067
County,Los Angeles County,10/01/1985,1985,October,N,Final,4044044,3770318,273726,0.068
County,Los Angeles County,10/01/1985,1985,October,Y,Final,4005988,3735662,270326,0.067
County,Los Angeles County,09/01/1985,1985,September,N,Final,4014572,3734226,280346,0.07
County,Los Angeles County,09/01/1985,1985,September,Y,Final,3996272,3722015,274257,0.069
County,Los Angeles County,08/01/1985,1985,August,N,Final,4007427,3719236,288191,0.072
County,Los Angeles County,08/01/1985,1985,August,Y,Final,3987389,3708680,278709,0.07
County,Los Angeles County,07/01/1985,1985,July,N,Final,4023571,3711600,311971,0.078
County,Los Angeles County,07/01/1985,1985,July,Y,Final,3980726,3698242,282484,0.071
County,Los Angeles County,06/01/1985,1985,June,N,Final,3964217,3674463,289754,0.073
County,Los Angeles County,06/01/1985,1985,June,Y,Final,3977517,3692241,285276,0.072
County,Los Angeles County,05/01/1985,1985,May,N,Final,3945622,3671467,274155,0.069
County,Los Angeles County,05/01/1985,1985,May,Y,Final,3978491,3690727,287764,0.072
County,Los Angeles County,04/01/1985,1985,April,N,Final,3958216,3678671,279545,0.071
County,Los Angeles County,04/01/1985,1985,April,Y,Final,3982633,3692741,289892,0.073
County,Los Angeles County,03/01/1985,1985,March,N,Final,3976635,3692775,283860,0.071
County,Los Angeles County,03/01/1985,1985,March,Y,Final,3986447,3694933,291514,0.073
County,Los Angeles County,02/01/1985,1985,February,N,Final,3966657,3674233,292424,0.074
County,Los Angeles County,02/01/1985,1985,February,Y,Final,3985852,3693192,292660,0.073
County,Los Angeles County,01/01/1985,1985,January,N,Final,3964207,3656055,308152,0.078
County,Los Angeles County,01/01/1985,1985,January,Y,Final,3979385,3685424,293961,0.074
County,Los Angeles County,12/01/1984,1984,December,N,Final,3977179,3698637,278542,0.07
County,Los Angeles County,12/01/1984,1984,December,Y,Final,3967619,3671517,296102,0.075
County,Los Angeles County,11/01/1984,1984,November,N,Final,3952286,3668083,284203,0.072
County,Los Angeles County,11/01/1984,1984,November,Y,Final,3952013,3653330,298683,0.076
County,Los Angeles County,10/01/1984,1984,October,N,Final,3950783,3652918,297865,0.075
County,Los Angeles County,10/01/1984,1984,October,Y,Final,3935027,3634198,300829,0.076
County,Los Angeles County,09/01/1984,1984,September,N,Final,3929479,3621261,308218,0.078
County,Los Angeles County,09/01/1984,1984,September,Y,Final,3918465,3616501,301964,0.077
County,Los Angeles County,08/01/1984,1984,August,N,Final,3938270,3616961,321309,0.082
County,Los Angeles County,08/01/1984,1984,August,Y,Final,3903100,3600903,302197,0.077
County,Los Angeles County,07/01/1984,1984,July,N,Final,3936480,3603270,333210,0.085
County,Los Angeles County,07/01/1984,1984,July,Y,Final,3889484,3587491,301993,0.078
County,Los Angeles County,06/01/1984,1984,June,N,Final,3867238,3571494,295744,0.076
County,Los Angeles County,06/01/1984,1984,June,Y,Final,3877257,3575693,301564,0.078
County,Los Angeles County,05/01/1984,1984,May,N,Final,3842295,3558792,283503,0.074
County,Los Angeles County,05/01/1984,1984,May,Y,Final,3865655,3564497,301158,0.078
County,Los Angeles County,04/01/1984,1984,April,N,Final,3826364,3533816,292548,0.076
County,Los Angeles County,04/01/1984,1984,April,Y,Final,3855297,3553773,301524,0.078
County,Los Angeles County,03/01/1984,1984,March,N,Final,3825962,3524970,300992,0.079
County,Los Angeles County,03/01/1984,1984,March,Y,Final,3846751,3543624,303127,0.079
County,Los Angeles County,02/01/1984,1984,February,N,Final,3819249,3510504,308745,0.081
County,Los Angeles County,02/01/1984,1984,February,Y,Final,3840259,3534185,306074,0.08
County,Los Angeles County,01/01/1984,1984,January,N,Final,3809391,3489108,320283,0.084
County,Los Angeles County,01/01/1984,1984,January,Y,Final,3836640,3525903,310737,0.081
County,Los Angeles County,12/01/1983,1983,December,N,Final,3842169,3543329,298840,0.078
County,Los Angeles County,12/01/1983,1983,December,Y,Final,3834939,3518175,316764,0.083
County,Los Angeles County,11/01/1983,1983,November,N,Final,3846390,3532905,313485,0.082
County,Los Angeles County,11/01/1983,1983,November,Y,Final,3834942,3510348,324594,0.085
County,Los Angeles County,10/01/1983,1983,October,N,Final,3843740,3513031,330709,0.086
County,Los Angeles County,10/01/1983,1983,October,Y,Final,3836128,3501372,334756,0.087
County,Los Angeles County,09/01/1983,1983,September,N,Final,3857078,3504199,352879,0.091
County,Los Angeles County,09/01/1983,1983,September,Y,Final,3836661,3490236,346425,0.09
County,Los Angeles County,08/01/1983,1983,August,N,Final,3878541,3503706,374835,0.097
County,Los Angeles County,08/01/1983,1983,August,Y,Final,3834545,3476245,358300,0.093
County,Los Angeles County,07/01/1983,1983,July,N,Final,3860193,3474244,385949,0.1
County,Los Angeles County,07/01/1983,1983,July,Y,Final,3828611,3459073,369538,0.097
County,Los Angeles County,06/01/1983,1983,June,N,Final,3836260,3442791,393469,0.103
County,Los Angeles County,06/01/1983,1983,June,Y,Final,3819764,3440069,379695,0.099
County,Los Angeles County,05/01/1983,1983,May,N,Final,3777807,3406135,371672,0.098
County,Los Angeles County,05/01/1983,1983,May,Y,Final,3810404,3421757,388647,0.102
County,Los Angeles County,04/01/1983,1983,April,N,Final,3767563,3386315,381248,0.101
County,Los Angeles County,04/01/1983,1983,April,Y,Final,3802645,3405947,396698,0.104
County,Los Angeles County,03/01/1983,1983,March,N,Final,3763580,3368925,394655,0.105
County,Los Angeles County,03/01/1983,1983,March,Y,Final,3798073,3394247,403826,0.106
County,Los Angeles County,02/01/1983,1983,February,N,Final,3775932,3360902,415030,0.11
County,Los Angeles County,02/01/1983,1983,February,Y,Final,3797864,3388736,409128,0.108
County,Los Angeles County,01/01/1983,1983,January,N,Final,3790727,3367361,423366,0.112
County,Los Angeles County,01/01/1983,1983,January,Y,Final,3801581,3390534,411047,0.108
County,Los Angeles County,12/01/1982,1982,December,N,Final,3819789,3421517,398272,0.104
County,Los Angeles County,12/01/1982,1982,December,Y,Final,3808483,3399316,409167,0.107
County,Los Angeles County,11/01/1982,1982,November,N,Final,3818541,3418103,400438,0.105
County,Los Angeles County,11/01/1982,1982,November,Y,Final,3816273,3412619,403654,0.106
County,Los Angeles County,10/01/1982,1982,October,N,Final,3833130,3441771,391359,0.102
County,Los Angeles County,10/01/1982,1982,October,Y,Final,3822865,3428098,394767,0.103
County,Los Angeles County,09/01/1982,1982,September,N,Final,3848923,3466992,381931,0.099
County,Los Angeles County,09/01/1982,1982,September,Y,Final,3828450,3444303,384147,0.1
County,Los Angeles County,08/01/1982,1982,August,N,Final,3870602,3490185,380417,0.098
County,Los Angeles County,08/01/1982,1982,August,Y,Final,3832739,3459352,373387,0.097
County,Los Angeles County,07/01/1982,1982,July,N,Final,3881071,3486306,394765,0.102
County,Los Angeles County,07/01/1982,1982,July,Y,Final,3835543,3471998,363545,0.095
County,Los Angeles County,06/01/1982,1982,June,N,Final,3816441,3460794,355647,0.093
County,Los Angeles County,06/01/1982,1982,June,Y,Final,3835441,3480674,354767,0.092
County,Los Angeles County,05/01/1982,1982,May,N,Final,3814779,3485243,329536,0.086
County,Los Angeles County,05/01/1982,1982,May,Y,Final,3830945,3484348,346597,0.09
County,Los Angeles County,04/01/1982,1982,April,N,Final,3793113,3466919,326194,0.086
County,Los Angeles County,04/01/1982,1982,April,Y,Final,3822596,3484415,338181,0.088
County,Los Angeles County,03/01/1982,1982,March,N,Final,3792983,3468798,324185,0.085
County,Los Angeles County,03/01/1982,1982,March,Y,Final,3812386,3483373,329013,0.086
County,Los Angeles County,02/01/1982,1982,February,N,Final,3784128,3459381,324747,0.086
County,Los Angeles County,02/01/1982,1982,February,Y,Final,3800770,3481597,319173,0.084
County,Los Angeles County,01/01/1982,1982,January,N,Final,3760766,3440127,320639,0.085
County,Los Angeles County,01/01/1982,1982,January,Y,Final,3788474,3479677,308797,0.082
County,Los Angeles County,12/01/1981,1981,December,N,Final,3783161,3500571,282590,0.075
County,Los Angeles County,12/01/1981,1981,December,Y,Final,3777762,3480151,297611,0.079
County,Los Angeles County,11/01/1981,1981,November,N,Final,3791386,3511725,279661,0.074
County,Los Angeles County,11/01/1981,1981,November,Y,Final,3769290,3483593,285697,0.076
County,Los Angeles County,10/01/1981,1981,October,N,Final,3779552,3506558,272994,0.072
County,Los Angeles County,10/01/1981,1981,October,Y,Final,3762794,3488416,274378,0.073
County,Los Angeles County,09/01/1981,1981,September,N,Final,3749910,3481772,268138,0.072
County,Los Angeles County,09/01/1981,1981,September,Y,Final,3758434,3493690,264744,0.07
County,Los Angeles County,08/01/1981,1981,August,N,Final,3803702,3537809,265893,0.07
County,Los Angeles County,08/01/1981,1981,August,Y,Final,3756617,3498981,257636,0.069
County,Los Angeles County,07/01/1981,1981,July,N,Final,3805759,3532206,273553,0.072
County,Los Angeles County,07/01/1981,1981,July,Y,Final,3756323,3502850,253473,0.067
County,Los Angeles County,06/01/1981,1981,June,N,Final,3725624,3470272,255352,0.069
County,Los Angeles County,06/01/1981,1981,June,Y,Final,3757110,3504811,252299,0.067
County,Los Angeles County,05/01/1981,1981,May,N,Final,3737716,3496628,241088,0.065
County,Los Angeles County,05/01/1981,1981,May,Y,Final,3758589,3505475,253114,0.067
County,Los Angeles County,04/01/1981,1981,April,N,Final,3741320,3501080,240240,0.064
County,Los Angeles County,04/01/1981,1981,April,Y,Final,3759380,3504681,254699,0.068
County,Los Angeles County,03/01/1981,1981,March,N,Final,3737784,3484451,253333,0.068
County,Los Angeles County,03/01/1981,1981,March,Y,Final,3759526,3503037,256489,0.068
County,Los Angeles County,02/01/1981,1981,February,N,Final,3735424,3471865,263559,0.071
County,Los Angeles County,02/01/1981,1981,February,Y,Final,3760343,3502205,258138,0.069
County,Los Angeles County,01/01/1981,1981,January,N,Final,3753219,3479740,273479,0.073
County,Los Angeles County,01/01/1981,1981,January,Y,Final,3762857,3502985,259872,0.069
County,Los Angeles County,12/01/1980,1980,December,N,Final,3771914,3535404,236510,0.063
County,Los Angeles County,12/01/1980,1980,December,Y,Final,3767305,3505106,262199,0.07
County,Los Angeles County,11/01/1980,1980,November,N,Final,3786405,3523534,262871,0.069
County,Los Angeles County,11/01/1980,1980,November,Y,Final,3773990,3509142,264848,0.07
County,Los Angeles County,10/01/1980,1980,October,N,Final,3803608,3536883,266725,0.07
County,Los Angeles County,10/01/1980,1980,October,Y,Final,3781869,3514824,267045,0.071
County,Los Angeles County,09/01/1980,1980,September,N,Final,3787353,3518110,269243,0.071
County,Los Angeles County,09/01/1980,1980,September,Y,Final,3788623,3520560,268063,0.071
County,Los Angeles County,08/01/1980,1980,August,N,Final,3833848,3551051,282797,0.074
County,Los Angeles County,08/01/1980,1980,August,Y,Final,3793032,3526183,266849,0.07
County,Los Angeles County,07/01/1980,1980,July,N,Final,3840605,3552345,288260,0.075
County,Los Angeles County,07/01/1980,1980,July,Y,Final,3795024,3532698,262326,0.069
County,Los Angeles County,06/01/1980,1980,June,N,Final,3770035,3513821,256214,0.068
County,Los Angeles County,06/01/1980,1980,June,Y,Final,3794232,3539726,254506,0.067
County,Los Angeles County,05/01/1980,1980,May,N,Final,3759276,3528097,231179,0.061
County,Los Angeles County,05/01/1980,1980,May,Y,Final,3790728,3546278,244450,0.064
County,Los Angeles County,04/01/1980,1980,April,N,Final,3755388,3534845,220543,0.059
County,Los Angeles County,04/01/1980,1980,April,Y,Final,3785008,3551674,233334,0.062
County,Los Angeles County,03/01/1980,1980,March,N,Final,3760944,3549834,211110,0.056
County,Los Angeles County,03/01/1980,1980,March,Y,Final,3776061,3553844,222217,0.059
County,Los Angeles County,02/01/1980,1980,February,N,Final,3751396,3534130,217266,0.058
County,Los Angeles County,02/01/1980,1980,February,Y,Final,3763230,3550714,212516,0.056
County,Los Angeles County,01/01/1980,1980,January,N,Final,3735539,3516508,219031,0.059
County,Los Angeles County,01/01/1980,1980,January,Y,Final,3746345,3540860,205485,0.055
County,Los Angeles County,12/01/1979,1979,December,N,Final,3749043,3566011,183032,0.049
County,Los Angeles County,12/01/1979,1979,December,Y,Final,3725963,3524539,201424,0.054
County,Los Angeles County,11/01/1979,1979,November,N,Final,3721135,3530292,190843,0.051
County,Los Angeles County,11/01/1979,1979,November,Y,Final,3704560,3504708,199852,0.054
County,Los Angeles County,10/01/1979,1979,October,N,Final,3688604,3489328,199276,0.054
County,Los Angeles County,10/01/1979,1979,October,Y,Final,3684492,3484908,199584,0.054
County,Los Angeles County,09/01/1979,1979,September,N,Final,3670454,3466509,203945,0.056
County,Los Angeles County,09/01/1979,1979,September,Y,Final,3666692,3467140,199552,0.054
County,Los Angeles County,08/01/1979,1979,August,N,Final,3676124,3456205,219919,0.06
County,Los Angeles County,08/01/1979,1979,August,Y,Final,3652439,3452784,199655,0.055
County,Los Angeles County,07/01/1979,1979,July,N,Final,3693928,3471215,222713,0.06
County,Los Angeles County,07/01/1979,1979,July,Y,Final,3643650,3443476,200174,0.055
County,Los Angeles County,06/01/1979,1979,June,N,Final,3624174,3423726,200448,0.055
County,Los Angeles County,06/01/1979,1979,June,Y,Final,3641395,3440329,201066,0.055
County,Los Angeles County,05/01/1979,1979,May,N,Final,3599086,3419748,179338,0.05
County,Los Angeles County,05/01/1979,1979,May,Y,Final,3645288,3442434,202854,0.056
County,Los Angeles County,04/01/1979,1979,April,N,Final,3606099,3412060,194039,0.054
County,Los Angeles County,04/01/1979,1979,April,Y,Final,3652839,3446599,206240,0.056
County,Los Angeles County,03/01/1979,1979,March,N,Final,3658096,3450406,207690,0.057
County,Los Angeles County,03/01/1979,1979,March,Y,Final,3661153,3450305,210848,0.058
County,Los Angeles County,02/01/1979,1979,February,N,Final,3668671,3447149,221522,0.06
County,Los Angeles County,02/01/1979,1979,February,Y,Final,3668237,3452484,215753,0.059
County,Los Angeles County,01/01/1979,1979,January,N,Final,3667122,3437637,229485,0.063
County,Los Angeles County,01/01/1979,1979,January,Y,Final,3671974,3452218,219756,0.06
County,Los Angeles County,12/01/1978,1978,December,N,Final,3687778,3474847,212931,0.058
County,Los Angeles County,12/01/1978,1978,December,Y,Final,3670324,3447710,222614,0.061
County,Los Angeles County,11/01/1978,1978,November,N,Final,3670543,3448425,222118,0.061
County,Los Angeles County,11/01/1978,1978,November,Y,Final,3662473,3437421,225052,0.061
County,Los Angeles County,10/01/1978,1978,October,N,Final,3665928,3446473,219455,0.06
County,Los Angeles County,10/01/1978,1978,October,Y,Final,3650048,3422193,227855,0.062
County,Los Angeles County,09/01/1978,1978,September,N,Final,3653314,3417536,235778,0.065
County,Los Angeles County,09/01/1978,1978,September,Y,Final,3635734,3404068,231666,0.064
County,Los Angeles County,08/01/1978,1978,August,N,Final,3636465,3392371,244094,0.067
County,Los Angeles County,08/01/1978,1978,August,Y,Final,3620984,3384206,236778,0.065
County,Los Angeles County,07/01/1978,1978,July,N,Final,3638170,3362012,276158,0.076
County,Los Angeles County,07/01/1978,1978,July,Y,Final,3605263,3362253,243010,0.067
County,Los Angeles County,06/01/1978,1978,June,N,Final,3573273,3324577,248696,0.07
County,Los Angeles County,06/01/1978,1978,June,Y,Final,3588196,3338587,249609,0.07
County,Los Angeles County,05/01/1978,1978,May,N,Final,3537482,3303853,233629,0.066
County,Los Angeles County,05/01/1978,1978,May,Y,Final,3569967,3314839,255128,0.071
County,Los Angeles County,04/01/1978,1978,April,N,Final,3525924,3280529,245395,0.07
County,Los Angeles County,04/01/1978,1978,April,Y,Final,3552136,3293475,258661,0.073
County,Los Angeles County,03/01/1978,1978,March,N,Final,3521982,3261978,260004,0.074
County,Los Angeles County,03/01/1978,1978,March,Y,Final,3536517,3276011,260506,0.074
County,Los Angeles County,02/01/1978,1978,February,N,Final,3499445,3232287,267158,0.076
County,Los Angeles County,02/01/1978,1978,February,Y,Final,3522721,3261325,261396,0.074
County,Los Angeles County,01/01/1978,1978,January,N,Final,3498613,3225947,272666,0.078
County,Los Angeles County,01/01/1978,1978,January,Y,Final,3510977,3248508,262469,0.075
County,Los Angeles County,12/01/1977,1977,December,N,Final,3520632,3277057,243575,0.069
County,Los Angeles County,12/01/1977,1977,December,Y,Final,3501463,3237287,264176,0.075
County,Los Angeles County,11/01/1977,1977,November,N,Final,3532309,3264815,267494,0.076
County,Los Angeles County,11/01/1977,1977,November,Y,Final,3493820,3227373,266447,0.076
County,Los Angeles County,10/01/1977,1977,October,N,Final,3499991,3236311,263680,0.075
County,Los Angeles County,10/01/1977,1977,October,Y,Final,3487972,3218708,269264,0.077
County,Los Angeles County,09/01/1977,1977,September,N,Final,3472242,3194013,278229,0.08
County,Los Angeles County,09/01/1977,1977,September,Y,Final,3482913,3210968,271945,0.078
County,Los Angeles County,08/01/1977,1977,August,N,Final,3503098,3211118,291980,0.083
County,Los Angeles County,08/01/1977,1977,August,Y,Final,3477544,3203438,274106,0.079
County,Los Angeles County,07/01/1977,1977,July,N,Final,3502113,3205593,296520,0.085
County,Los Angeles County,07/01/1977,1977,July,Y,Final,3471831,3195870,275961,0.079
County,Los Angeles County,06/01/1977,1977,June,N,Final,3469181,3185206,283975,0.082
County,Los Angeles County,06/01/1977,1977,June,Y,Final,3465957,3187840,278117,0.08
County,Los Angeles County,05/01/1977,1977,May,N,Final,3426388,3175846,250542,0.073
County,Los Angeles County,05/01/1977,1977,May,Y,Final,3459397,3178200,281197,0.081
County,Los Angeles County,04/01/1977,1977,April,N,Final,3406783,3137052,269731,0.079
County,Los Angeles County,04/01/1977,1977,April,Y,Final,3451823,3166301,285522,0.083
County,Los Angeles County,03/01/1977,1977,March,N,Final,3426948,3139672,287276,0.084
County,Los Angeles County,03/01/1977,1977,March,Y,Final,3442982,3152166,290816,0.084
County,Los Angeles County,02/01/1977,1977,February,N,Final,3423806,3117528,306278,0.089
County,Los Angeles County,02/01/1977,1977,February,Y,Final,3433862,3137571,296291,0.086
County,Los Angeles County,01/01/1977,1977,January,N,Final,3418933,3107049,311884,0.091
County,Los Angeles County,01/01/1977,1977,January,Y,Final,3425617,3124784,300833,0.088
County,Los Angeles County,12/01/1976,1976,December,N,Final,3439108,3146782,292326,0.085
County,Los Angeles County,12/01/1976,1976,December,Y,Final,3419226,3115416,303810,0.089
County,Los Angeles County,11/01/1976,1976,November,N,Final,3443651,3138681,304970,0.089
County,Los Angeles County,11/01/1976,1976,November,Y,Final,3414552,3109521,305031,0.089
County,Los Angeles County,10/01/1976,1976,October,N,Final,3408384,3109016,299368,0.088
County,Los Angeles County,10/01/1976,1976,October,Y,Final,3409972,3105661,304311,0.089
County,Los Angeles County,09/01/1976,1976,September,N,Final,3411105,3108270,302835,0.089
County,Los Angeles County,09/01/1976,1976,September,Y,Final,3405877,3103689,302188,0.089
County,Los Angeles County,08/01/1976,1976,August,N,Final,3430133,3114869,315264,0.092
County,Los Angeles County,08/01/1976,1976,August,Y,Final,3402483,3103316,299167,0.088
County,Los Angeles County,07/01/1976,1976,July,N,Final,3445221,3122468,322753,0.094
County,Los Angeles County,07/01/1976,1976,July,Y,Final,3399094,3103079,296015,0.087
County,Los Angeles County,06/01/1976,1976,June,N,Final,3372224,3075275,296949,0.088
County,Los Angeles County,06/01/1976,1976,June,Y,Final,3394977,3100801,294176,0.087
County,Los Angeles County,05/01/1976,1976,May,N,Final,3349943,3089152,260791,0.078
County,Los Angeles County,05/01/1976,1976,May,Y,Final,3389808,3095552,294256,0.087
County,Los Angeles County,04/01/1976,1976,April,N,Final,3362757,3082562,280195,0.083
County,Los Angeles County,04/01/1976,1976,April,Y,Final,3385126,3089190,295936,0.087
County,Los Angeles County,03/01/1976,1976,March,N,Final,3361820,3069797,292023,0.087
County,Los Angeles County,03/01/1976,1976,March,Y,Final,3381679,3083346,298333,0.088
County,Los Angeles County,02/01/1976,1976,February,N,Final,3364401,3050306,314095,0.093
County,Los Angeles County,02/01/1976,1976,February,Y,Final,3381218,3081497,299721,0.089
County,Los Angeles County,01/01/1976,1976,January,N,Final,3364151,3040058,324093,0.096
County,Los Angeles County,01/01/1976,1976,January,Y,Final,3381856,3081806,300050,0.089
County,Los Angeles County,04/01/2022,2022,April,N,Final,5029500,4791000,238400,0.047
County,Los Angeles County,04/01/2022,2022,April,Y,Final,5043600,4768900,274700,0.054
County,Los Angeles County,05/01/2022,2022,May,N,Preliminary,5007400,4784400,222900,0.045
County,Los Angeles County,05/01/2022,2022,May,Y,Preliminary,5057500,4793300,264200,0.052
